Code,Name,Year,Population,Square_Kilometres,Population_per_square_kilometre
E09000001,City of London,1999,6581,2.9,2266.2
E09000001,City of London,2000,7014,2.9,2415.3
E09000001,City of London,2001,7359,2.9,2534.1
E09000001,City of London,2002,7280,2.9,2506.9
E09000001,City of London,2003,7115,2.9,2450.1
E09000001,City of London,2004,7118,2.9,2451.2
E09000001,City of London,2005,7131,2.9,2455.6
E09000001,City of London,2006,7254,2.9,2498
E09000001,City of London,2007,7607,2.9,2619.5
E09000001,City of London,2008,7429,2.9,2558.3
E09000001,City of London,2009,7472,2.9,2573.1
E09000001,City of London,2010,7338,2.9,2526.9
E09000001,City of London,2011,7412,2.9,2552.4
E09000001,City of London,2012,7204,2.9,2480.8
E09000001,City of London,2013,6848,2.9,2358.2
E09000001,City of London,2014,6872,2.9,2366.4
E09000001,City of London,2015,7160,2.9,2465.6
E09000001,City of London,2016,7401,2.9,2548.6
E09000001,City of London,2017,7405,2.9,2550
E09000001,City of London,2018,7681,2.9,2645
E09000001,City of London,2019,7953,2.9,2738.7
E09000001,City of London,2020,8046,2.9,2770.7
E09000001,City of London,2021,8164,2.9,2811.4
E09000001,City of London,2022,8289,2.9,2854.4
E09000001,City of London,2023,8408,2.9,2895.4
E09000001,City of London,2024,8526,2.9,2936
E09000001,City of London,2025,8661,2.9,2982.5
E09000001,City of London,2026,8802,2.9,3031.1
E09000001,City of London,2027,8940,2.9,3078.6
E09000001,City of London,2028,9075,2.9,3125.1
E09000001,City of London,2029,9211,2.9,3171.9
E09000001,City of London,2030,9367,2.9,3225.6
E09000001,City of London,2031,9508,2.9,3274.2
E09000001,City of London,2032,9640,2.9,3319.6
E09000001,City of London,2033,9767,2.9,3363.4
E09000001,City of London,2034,9892,2.9,3406.4
E09000001,City of London,2035,10001,2.9,3443.9
E09000001,City of London,2036,10097,2.9,3477
E09000001,City of London,2037,10188,2.9,3508.3
E09000001,City of London,2038,10278,2.9,3539.3
E09000001,City of London,2039,10366,2.9,3569.6
E09000001,City of London,2040,10448,2.9,3597.9
E09000001,City of London,2041,10531,2.9,3626.5
E09000001,City of London,2042,10552,2.9,3633.7
E09000001,City of London,2043,10561,2.9,3636.8
E09000001,City of London,2044,10568,2.9,3639.2
E09000001,City of London,2045,10575,2.9,3641.6
E09000001,City of London,2046,10583,2.9,3644.4
E09000001,City of London,2047,10587,2.9,3645.7
E09000001,City of London,2048,10590,2.9,3646.8
E09000001,City of London,2049,10596,2.9,3648.8
E09000001,City of London,2050,10604,2.9,3651.6
E09000002,Barking and Dagenham,1999,162444,36.1,4498.9
E09000002,Barking and Dagenham,2000,163893,36.1,4539
E09000002,Barking and Dagenham,2001,165654,36.1,4587.8
E09000002,Barking and Dagenham,2002,166357,36.1,4607.2
E09000002,Barking and Dagenham,2003,166210,36.1,4603.2
E09000002,Barking and Dagenham,2004,165610,36.1,4586.5
E09000002,Barking and Dagenham,2005,166275,36.1,4605
E09000002,Barking and Dagenham,2006,167157,36.1,4629.4
E09000002,Barking and Dagenham,2007,169031,36.1,4681.3
E09000002,Barking and Dagenham,2008,172452,36.1,4776
E09000002,Barking and Dagenham,2009,177580,36.1,4918
E09000002,Barking and Dagenham,2010,182838,36.1,5063.7
E09000002,Barking and Dagenham,2011,187418,36.1,5190.5
E09000002,Barking and Dagenham,2012,190949,36.1,5288.3
E09000002,Barking and Dagenham,2013,194741,36.1,5393.3
E09000002,Barking and Dagenham,2014,198683,36.1,5502.5
E09000002,Barking and Dagenham,2015,202368,36.1,5604.5
E09000002,Barking and Dagenham,2016,206849,36.1,5728.6
E09000002,Barking and Dagenham,2017,210513,36.1,5830.1
E09000002,Barking and Dagenham,2018,212773,36.1,5892.7
E09000002,Barking and Dagenham,2019,214858,36.1,5950.5
E09000002,Barking and Dagenham,2020,218367,36.1,6047.6
E09000002,Barking and Dagenham,2021,221495,36.1,6134.3
E09000002,Barking and Dagenham,2022,224407,36.1,6214.9
E09000002,Barking and Dagenham,2023,226988,36.1,6286.4
E09000002,Barking and Dagenham,2024,229337,36.1,6351.5
E09000002,Barking and Dagenham,2025,234317,36.1,6489.4
E09000002,Barking and Dagenham,2026,239301,36.1,6627.4
E09000002,Barking and Dagenham,2027,244088,36.1,6760
E09000002,Barking and Dagenham,2028,248726,36.1,6888.4
E09000002,Barking and Dagenham,2029,253501,36.1,7020.7
E09000002,Barking and Dagenham,2030,260560,36.1,7216.2
E09000002,Barking and Dagenham,2031,267130,36.1,7398.1
E09000002,Barking and Dagenham,2032,273369,36.1,7570.9
E09000002,Barking and Dagenham,2033,279501,36.1,7740.7
E09000002,Barking and Dagenham,2034,285672,36.1,7911.6
E09000002,Barking and Dagenham,2035,290428,36.1,8043.4
E09000002,Barking and Dagenham,2036,294770,36.1,8163.6
E09000002,Barking and Dagenham,2037,298772,36.1,8274.4
E09000002,Barking and Dagenham,2038,302771,36.1,8385.2
E09000002,Barking and Dagenham,2039,306813,36.1,8497.1
E09000002,Barking and Dagenham,2040,311674,36.1,8631.8
E09000002,Barking and Dagenham,2041,316582,36.1,8767.7
E09000002,Barking and Dagenham,2042,317267,36.1,8786.7
E09000002,Barking and Dagenham,2043,317574,36.1,8795.2
E09000002,Barking and Dagenham,2044,317811,36.1,8801.7
E09000002,Barking and Dagenham,2045,318243,36.1,8813.7
E09000002,Barking and Dagenham,2046,318881,36.1,8831.4
E09000002,Barking and Dagenham,2047,319622,36.1,8851.9
E09000002,Barking and Dagenham,2048,320408,36.1,8873.6
E09000002,Barking and Dagenham,2049,321349,36.1,8899.7
E09000002,Barking and Dagenham,2050,322490,36.1,8931.3
E09000003,Barnet,1999,313469,86.7,3613.5
E09000003,Barnet,2000,315784,86.7,3640.2
E09000003,Barnet,2001,319481,86.7,3682.8
E09000003,Barnet,2002,320552,86.7,3695.2
E09000003,Barnet,2003,321802,86.7,3709.6
E09000003,Barnet,2004,323723,86.7,3731.7
E09000003,Barnet,2005,327541,86.7,3775.8
E09000003,Barnet,2006,330801,86.7,3813.3
E09000003,Barnet,2007,334837,86.7,3859.9
E09000003,Barnet,2008,339212,86.7,3910.3
E09000003,Barnet,2009,345829,86.7,3986.6
E09000003,Barnet,2010,351438,86.7,4051.2
E09000003,Barnet,2011,357653,86.7,4122.9
E09000003,Barnet,2012,364071,86.7,4196.9
E09000003,Barnet,2013,369203,86.7,4256
E09000003,Barnet,2014,375030,86.7,4323.2
E09000003,Barnet,2015,379806,86.7,4378.3
E09000003,Barnet,2016,386198,86.7,4451.9
E09000003,Barnet,2017,391446,86.7,4512.4
E09000003,Barnet,2018,397049,86.7,4577
E09000003,Barnet,2019,402363,86.7,4638.3
E09000003,Barnet,2020,407148,86.7,4693.4
E09000003,Barnet,2021,411275,86.7,4741
E09000003,Barnet,2022,415041,86.7,4784.4
E09000003,Barnet,2023,418291,86.7,4821.9
E09000003,Barnet,2024,420924,86.7,4852.2
E09000003,Barnet,2025,422894,86.7,4875
E09000003,Barnet,2026,424509,86.7,4893.6
E09000003,Barnet,2027,426267,86.7,4913.8
E09000003,Barnet,2028,431140,86.7,4970
E09000003,Barnet,2029,436032,86.7,5026.4
E09000003,Barnet,2030,438006,86.7,5049.2
E09000003,Barnet,2031,439515,86.7,5066.6
E09000003,Barnet,2032,441391,86.7,5088.2
E09000003,Barnet,2033,443373,86.7,5111
E09000003,Barnet,2034,445344,86.7,5133.7
E09000003,Barnet,2035,448191,86.7,5166.6
E09000003,Barnet,2036,451348,86.7,5203
E09000003,Barnet,2037,454571,86.7,5240.1
E09000003,Barnet,2038,457814,86.7,5277.5
E09000003,Barnet,2039,461003,86.7,5314.3
E09000003,Barnet,2040,463879,86.7,5347.4
E09000003,Barnet,2041,466528,86.7,5377.9
E09000003,Barnet,2042,469995,86.7,5417.9
E09000003,Barnet,2043,473740,86.7,5461.1
E09000003,Barnet,2044,477659,86.7,5506.3
E09000003,Barnet,2045,481750,86.7,5553.4
E09000003,Barnet,2046,486023,86.7,5602.7
E09000003,Barnet,2047,490329,86.7,5652.3
E09000003,Barnet,2048,494586,86.7,5701.4
E09000003,Barnet,2049,498953,86.7,5751.7
E09000003,Barnet,2050,503490,86.7,5804
E09000004,Bexley,1999,217458,60.6,3589.6
E09000004,Bexley,2000,218717,60.6,3610.3
E09000004,Bexley,2001,218757,60.6,3611
E09000004,Bexley,2002,219123,60.6,3617
E09000004,Bexley,2003,220016,60.6,3631.8
E09000004,Bexley,2004,220917,60.6,3646.7
E09000004,Bexley,2005,222391,60.6,3671
E09000004,Bexley,2006,223280,60.6,3685.7
E09000004,Bexley,2007,224625,60.6,3707.9
E09000004,Bexley,2008,226652,60.6,3741.3
E09000004,Bexley,2009,228146,60.6,3766
E09000004,Bexley,2010,230711,60.6,3808.3
E09000004,Bexley,2011,233002,60.6,3846.1
E09000004,Bexley,2012,234499,60.6,3870.9
E09000004,Bexley,2013,236915,60.6,3910.7
E09000004,Bexley,2014,240093,60.6,3963.2
E09000004,Bexley,2015,242370,60.6,4000.8
E09000004,Bexley,2016,244988,60.6,4044
E09000004,Bexley,2017,247179,60.6,4080.2
E09000004,Bexley,2018,249999,60.6,4126.7
E09000004,Bexley,2019,252885,60.6,4174.4
E09000004,Bexley,2020,254970,60.6,4208.8
E09000004,Bexley,2021,256845,60.6,4239.7
E09000004,Bexley,2022,258607,60.6,4268.8
E09000004,Bexley,2023,260232,60.6,4295.6
E09000004,Bexley,2024,262798,60.6,4338
E09000004,Bexley,2025,265249,60.6,4378.4
E09000004,Bexley,2026,267652,60.6,4418.1
E09000004,Bexley,2027,270003,60.6,4456.9
E09000004,Bexley,2028,272252,60.6,4494
E09000004,Bexley,2029,274487,60.6,4530.9
E09000004,Bexley,2030,276493,60.6,4564
E09000004,Bexley,2031,278017,60.6,4589.2
E09000004,Bexley,2032,279349,60.6,4611.2
E09000004,Bexley,2033,280577,60.6,4631.5
E09000004,Bexley,2034,281762,60.6,4651
E09000004,Bexley,2035,283461,60.6,4679.1
E09000004,Bexley,2036,285385,60.6,4710.8
E09000004,Bexley,2037,287373,60.6,4743.6
E09000004,Bexley,2038,289399,60.6,4777.1
E09000004,Bexley,2039,291406,60.6,4810.2
E09000004,Bexley,2040,293227,60.6,4840.3
E09000004,Bexley,2041,294925,60.6,4868.3
E09000004,Bexley,2042,297138,60.6,4904.8
E09000004,Bexley,2043,299505,60.6,4943.9
E09000004,Bexley,2044,301953,60.6,4984.3
E09000004,Bexley,2045,303673,60.6,5012.7
E09000004,Bexley,2046,303924,60.6,5016.8
E09000004,Bexley,2047,304088,60.6,5019.6
E09000004,Bexley,2048,304201,60.6,5021.4
E09000004,Bexley,2049,304411,60.6,5024.9
E09000004,Bexley,2050,304657,60.6,5028.9
E09000005,Brent,1999,260317,43.2,6021.3
E09000005,Brent,2000,264945,43.2,6128.4
E09000005,Brent,2001,269620,43.2,6236.5
E09000005,Brent,2002,269871,43.2,6242.3
E09000005,Brent,2003,268323,43.2,6206.5
E09000005,Brent,2004,268335,43.2,6206.8
E09000005,Brent,2005,270939,43.2,6267
E09000005,Brent,2006,276504,43.2,6395.7
E09000005,Brent,2007,283273,43.2,6552.3
E09000005,Brent,2008,290901,43.2,6728.7
E09000005,Brent,2009,298118,43.2,6895.7
E09000005,Brent,2010,304785,43.2,7049.9
E09000005,Brent,2011,313084,43.2,7241.8
E09000005,Brent,2012,315499,43.2,7297.7
E09000005,Brent,2013,318103,43.2,7357.9
E09000005,Brent,2014,321601,43.2,7438.8
E09000005,Brent,2015,324851,43.2,7514
E09000005,Brent,2016,329093,43.2,7612.1
E09000005,Brent,2017,332750,43.2,7696.7
E09000005,Brent,2018,336859,43.2,7791.8
E09000005,Brent,2019,340710,43.2,7880.9
E09000005,Brent,2020,343853,43.2,7953.6
E09000005,Brent,2021,346437,43.2,8013.3
E09000005,Brent,2022,348783,43.2,8067.6
E09000005,Brent,2023,350714,43.2,8112.3
E09000005,Brent,2024,353130,43.2,8168.1
E09000005,Brent,2025,358170,43.2,8284.7
E09000005,Brent,2026,363285,43.2,8403
E09000005,Brent,2027,368396,43.2,8521.2
E09000005,Brent,2028,373445,43.2,8638
E09000005,Brent,2029,378557,43.2,8756.3
E09000005,Brent,2030,382415,43.2,8845.5
E09000005,Brent,2031,385760,43.2,8922.9
E09000005,Brent,2032,388788,43.2,8992.9
E09000005,Brent,2033,391791,43.2,9062.4
E09000005,Brent,2034,394795,43.2,9131.9
E09000005,Brent,2035,395877,43.2,9156.9
E09000005,Brent,2036,396410,43.2,9169.2
E09000005,Brent,2037,396914,43.2,9180.9
E09000005,Brent,2038,397614,43.2,9197.1
E09000005,Brent,2039,398411,43.2,9215.5
E09000005,Brent,2040,399034,43.2,9229.9
E09000005,Brent,2041,400066,43.2,9253.8
E09000005,Brent,2042,401368,43.2,9283.9
E09000005,Brent,2043,402989,43.2,9321.4
E09000005,Brent,2044,404815,43.2,9363.6
E09000005,Brent,2045,406836,43.2,9410.4
E09000005,Brent,2046,409054,43.2,9461.7
E09000005,Brent,2047,411338,43.2,9514.5
E09000005,Brent,2048,413613,43.2,9567.1
E09000005,Brent,2049,416017,43.2,9622.8
E09000005,Brent,2050,418595,43.2,9682.4
E09000006,Bromley,1999,294902,150.1,1964.2
E09000006,Bromley,2000,295317,150.1,1967
E09000006,Bromley,2001,296218,150.1,1973
E09000006,Bromley,2002,296668,150.1,1976
E09000006,Bromley,2003,297253,150.1,1979.9
E09000006,Bromley,2004,297307,150.1,1980.3
E09000006,Bromley,2005,299421,150.1,1994.3
E09000006,Bromley,2006,300963,150.1,2004.6
E09000006,Bromley,2007,302625,150.1,2015.7
E09000006,Bromley,2008,304968,150.1,2031.3
E09000006,Bromley,2009,306924,150.1,2044.3
E09000006,Bromley,2010,308560,150.1,2055.2
E09000006,Bromley,2011,311110,150.1,2072.2
E09000006,Bromley,2012,314592,150.1,2095.4
E09000006,Bromley,2013,318455,150.1,2121.1
E09000006,Bromley,2014,321834,150.1,2143.6
E09000006,Bromley,2015,325413,150.1,2167.5
E09000006,Bromley,2016,327445,150.1,2181
E09000006,Bromley,2017,330909,150.1,2204.1
E09000006,Bromley,2018,332733,150.1,2216.2
E09000006,Bromley,2019,334292,150.1,2226.6
E09000006,Bromley,2020,336395,150.1,2240.6
E09000006,Bromley,2021,339466,150.1,2261.1
E09000006,Bromley,2022,342548,150.1,2281.6
E09000006,Bromley,2023,345216,150.1,2299.4
E09000006,Bromley,2024,347455,150.1,2314.3
E09000006,Bromley,2025,349207,150.1,2326
E09000006,Bromley,2026,350694,150.1,2335.9
E09000006,Bromley,2027,351840,150.1,2343.5
E09000006,Bromley,2028,353322,150.1,2353.4
E09000006,Bromley,2029,355195,150.1,2365.8
E09000006,Bromley,2030,356489,150.1,2374.5
E09000006,Bromley,2031,358289,150.1,2386.4
E09000006,Bromley,2032,360298,150.1,2399.8
E09000006,Bromley,2033,362341,150.1,2413.4
E09000006,Bromley,2034,364344,150.1,2426.8
E09000006,Bromley,2035,366962,150.1,2444.2
E09000006,Bromley,2036,369808,150.1,2463.2
E09000006,Bromley,2037,372703,150.1,2482.5
E09000006,Bromley,2038,374053,150.1,2491.4
E09000006,Bromley,2039,374843,150.1,2496.7
E09000006,Bromley,2040,375433,150.1,2500.6
E09000006,Bromley,2041,376074,150.1,2504.9
E09000006,Bromley,2042,376780,150.1,2509.6
E09000006,Bromley,2043,377125,150.1,2511.9
E09000006,Bromley,2044,377399,150.1,2513.7
E09000006,Bromley,2045,377690,150.1,2515.7
E09000006,Bromley,2046,377998,150.1,2517.7
E09000006,Bromley,2047,378210,150.1,2519.1
E09000006,Bromley,2048,378364,150.1,2520.2
E09000006,Bromley,2049,378635,150.1,2522
E09000006,Bromley,2050,378948,150.1,2524.1
E09000007,Camden,1999,190003,21.8,8720
E09000007,Camden,2000,196174,21.8,9003.2
E09000007,Camden,2001,202567,21.8,9296.6
E09000007,Camden,2002,203972,21.8,9361.1
E09000007,Camden,2003,204254,21.8,9374.1
E09000007,Camden,2004,207341,21.8,9515.7
E09000007,Camden,2005,211088,21.8,9687.7
E09000007,Camden,2006,211032,21.8,9685.1
E09000007,Camden,2007,211520,21.8,9707.5
E09000007,Camden,2008,210273,21.8,9650.3
E09000007,Camden,2009,212924,21.8,9772
E09000007,Camden,2010,214725,21.8,9854.6
E09000007,Camden,2011,220087,21.8,10100.7
E09000007,Camden,2012,224961,21.8,10324.4
E09000007,Camden,2013,229718,21.8,10542.7
E09000007,Camden,2014,234845,21.8,10778
E09000007,Camden,2015,241058,21.8,11063.1
E09000007,Camden,2016,246180,21.8,11298.2
E09000007,Camden,2017,249556,21.8,11453.1
E09000007,Camden,2018,252637,21.8,11594.5
E09000007,Camden,2019,255526,21.8,11727.1
E09000007,Camden,2020,257384,21.8,11812.4
E09000007,Camden,2021,259344,21.8,11902.4
E09000007,Camden,2022,261082,21.8,11982.1
E09000007,Camden,2023,262494,21.8,12046.9
E09000007,Camden,2024,263550,21.8,12095.4
E09000007,Camden,2025,264300,21.8,12129.8
E09000007,Camden,2026,264913,21.8,12157.9
E09000007,Camden,2027,265335,21.8,12177.3
E09000007,Camden,2028,265446,21.8,12182.4
E09000007,Camden,2029,265349,21.8,12178
E09000007,Camden,2030,266386,21.8,12225.5
E09000007,Camden,2031,267884,21.8,12294.3
E09000007,Camden,2032,269417,21.8,12364.6
E09000007,Camden,2033,270854,21.8,12430.6
E09000007,Camden,2034,272206,21.8,12492.6
E09000007,Camden,2035,274188,21.8,12583.6
E09000007,Camden,2036,276315,21.8,12681.2
E09000007,Camden,2037,278397,21.8,12776.8
E09000007,Camden,2038,280405,21.8,12868.9
E09000007,Camden,2039,282304,21.8,12956.1
E09000007,Camden,2040,283914,21.8,13030
E09000007,Camden,2041,285322,21.8,13094.6
E09000007,Camden,2042,287315,21.8,13186.1
E09000007,Camden,2043,289439,21.8,13283.5
E09000007,Camden,2044,291607,21.8,13383
E09000007,Camden,2045,293811,21.8,13484.2
E09000007,Camden,2046,296065,21.8,13587.6
E09000007,Camden,2047,298274,21.8,13689
E09000007,Camden,2048,300394,21.8,13786.3
E09000007,Camden,2049,302554,21.8,13885.4
E09000007,Camden,2050,304798,21.8,13988.4
E09000008,Croydon,1999,332066,86.5,3838.8
E09000008,Croydon,2000,334241,86.5,3863.9
E09000008,Croydon,2001,335112,86.5,3874
E09000008,Croydon,2002,335415,86.5,3877.5
E09000008,Croydon,2003,335919,86.5,3883.3
E09000008,Croydon,2004,337134,86.5,3897.3
E09000008,Croydon,2005,339052,86.5,3919.5
E09000008,Croydon,2006,340449,86.5,3935.7
E09000008,Croydon,2007,344029,86.5,3977
E09000008,Croydon,2008,349308,86.5,4038.1
E09000008,Croydon,2009,352763,86.5,4078
E09000008,Croydon,2010,357951,86.5,4138
E09000008,Croydon,2011,364815,86.5,4217.3
E09000008,Croydon,2012,368886,86.5,4264.4
E09000008,Croydon,2013,372752,86.5,4309.1
E09000008,Croydon,2014,376040,86.5,4347.1
E09000008,Croydon,2015,379031,86.5,4381.7
E09000008,Croydon,2016,382304,86.5,4419.5
E09000008,Croydon,2017,386346,86.5,4466.2
E09000008,Croydon,2018,391296,86.5,4523.5
E09000008,Croydon,2019,396548,86.5,4584.2
E09000008,Croydon,2020,400272,86.5,4627.2
E09000008,Croydon,2021,403461,86.5,4664.1
E09000008,Croydon,2022,406399,86.5,4698.1
E09000008,Croydon,2023,411580,86.5,4758
E09000008,Croydon,2024,416582,86.5,4815.8
E09000008,Croydon,2025,421090,86.5,4867.9
E09000008,Croydon,2026,425612,86.5,4920.2
E09000008,Croydon,2027,430009,86.5,4971
E09000008,Croydon,2028,434268,86.5,5020.2
E09000008,Croydon,2029,438586,86.5,5070.1
E09000008,Croydon,2030,441922,86.5,5108.7
E09000008,Croydon,2031,444573,86.5,5139.4
E09000008,Croydon,2032,446938,86.5,5166.7
E09000008,Croydon,2033,449170,86.5,5192.5
E09000008,Croydon,2034,451309,86.5,5217.2
E09000008,Croydon,2035,452477,86.5,5230.7
E09000008,Croydon,2036,454085,86.5,5249.3
E09000008,Croydon,2037,455882,86.5,5270.1
E09000008,Croydon,2038,457804,86.5,5292.3
E09000008,Croydon,2039,459759,86.5,5314.9
E09000008,Croydon,2040,461477,86.5,5334.8
E09000008,Croydon,2041,463028,86.5,5352.7
E09000008,Croydon,2042,465412,86.5,5380.3
E09000008,Croydon,2043,468103,86.5,5411.4
E09000008,Croydon,2044,470970,86.5,5444.5
E09000008,Croydon,2045,474016,86.5,5479.7
E09000008,Croydon,2046,477261,86.5,5517.2
E09000008,Croydon,2047,480573,86.5,5555.5
E09000008,Croydon,2048,483864,86.5,5593.6
E09000008,Croydon,2049,487291,86.5,5633.2
E09000008,Croydon,2050,490900,86.5,5674.9
E09000009,Ealing,1999,302252,55.5,5441.6
E09000009,Ealing,2000,304370,55.5,5479.8
E09000009,Ealing,2001,307276,55.5,5532.1
E09000009,Ealing,2002,309242,55.5,5567.5
E09000009,Ealing,2003,308108,55.5,5547.1
E09000009,Ealing,2004,310073,55.5,5582.4
E09000009,Ealing,2005,312774,55.5,5631.1
E09000009,Ealing,2006,315329,55.5,5677.1
E09000009,Ealing,2007,318671,55.5,5737.2
E09000009,Ealing,2008,324022,55.5,5833.6
E09000009,Ealing,2009,329966,55.5,5940.6
E09000009,Ealing,2010,334073,55.5,6014.5
E09000009,Ealing,2011,339665,55.5,6115.2
E09000009,Ealing,2012,341022,55.5,6139.6
E09000009,Ealing,2013,342845,55.5,6172.5
E09000009,Ealing,2014,342469,55.5,6165.7
E09000009,Ealing,2015,343410,55.5,6182.6
E09000009,Ealing,2016,343547,55.5,6185.1
E09000009,Ealing,2017,347126,55.5,6249.5
E09000009,Ealing,2018,350784,55.5,6315.4
E09000009,Ealing,2019,354184,55.5,6376.6
E09000009,Ealing,2020,361833,55.5,6514.3
E09000009,Ealing,2021,369685,55.5,6655.7
E09000009,Ealing,2022,377916,55.5,6803.9
E09000009,Ealing,2023,385818,55.5,6946.1
E09000009,Ealing,2024,393434,55.5,7083.2
E09000009,Ealing,2025,397010,55.5,7147.6
E09000009,Ealing,2026,400552,55.5,7211.4
E09000009,Ealing,2027,404119,55.5,7275.6
E09000009,Ealing,2028,407659,55.5,7339.3
E09000009,Ealing,2029,411269,55.5,7404.3
E09000009,Ealing,2030,413618,55.5,7446.6
E09000009,Ealing,2031,415296,55.5,7476.8
E09000009,Ealing,2032,416744,55.5,7502.9
E09000009,Ealing,2033,418140,55.5,7528
E09000009,Ealing,2034,419546,55.5,7553.4
E09000009,Ealing,2035,420107,55.5,7563.5
E09000009,Ealing,2036,420144,55.5,7564.1
E09000009,Ealing,2037,420211,55.5,7565.3
E09000009,Ealing,2038,420540,55.5,7571.3
E09000009,Ealing,2039,421017,55.5,7579.8
E09000009,Ealing,2040,421356,55.5,7585.9
E09000009,Ealing,2041,421832,55.5,7594.5
E09000009,Ealing,2042,422957,55.5,7614.8
E09000009,Ealing,2043,424400,55.5,7640.7
E09000009,Ealing,2044,426041,55.5,7670.3
E09000009,Ealing,2045,427873,55.5,7703.3
E09000009,Ealing,2046,429905,55.5,7739.9
E09000009,Ealing,2047,432006,55.5,7777.7
E09000009,Ealing,2048,434102,55.5,7815.4
E09000009,Ealing,2049,436340,55.5,7855.7
E09000009,Ealing,2050,438773,55.5,7899.5
E09000010,Enfield,1999,272731,80.8,3374
E09000010,Enfield,2000,275068,80.8,3403
E09000010,Enfield,2001,277266,80.8,3430.2
E09000010,Enfield,2002,280745,80.8,3473.2
E09000010,Enfield,2003,281835,80.8,3486.7
E09000010,Enfield,2004,282217,80.8,3491.4
E09000010,Enfield,2005,284779,80.8,3523.1
E09000010,Enfield,2006,287429,80.8,3555.9
E09000010,Enfield,2007,291534,80.8,3606.7
E09000010,Enfield,2008,297443,80.8,3679.8
E09000010,Enfield,2009,301971,80.8,3735.8
E09000010,Enfield,2010,307648,80.8,3806
E09000010,Enfield,2011,314011,80.8,3884.7
E09000010,Enfield,2012,317363,80.8,3926.2
E09000010,Enfield,2013,320600,80.8,3966.3
E09000010,Enfield,2014,324650,80.8,4016.4
E09000010,Enfield,2015,328509,80.8,4064.1
E09000010,Enfield,2016,331471,80.8,4100.7
E09000010,Enfield,2017,335647,80.8,4152.4
E09000010,Enfield,2018,337697,80.8,4177.8
E09000010,Enfield,2019,339480,80.8,4199.8
E09000010,Enfield,2020,342993,80.8,4243.3
E09000010,Enfield,2021,346635,80.8,4288.3
E09000010,Enfield,2022,349994,80.8,4329.9
E09000010,Enfield,2023,352879,80.8,4365.6
E09000010,Enfield,2024,355209,80.8,4394.4
E09000010,Enfield,2025,356949,80.8,4415.9
E09000010,Enfield,2026,358342,80.8,4433.2
E09000010,Enfield,2027,359321,80.8,4445.3
E09000010,Enfield,2028,359820,80.8,4451.5
E09000010,Enfield,2029,359937,80.8,4452.9
E09000010,Enfield,2030,361176,80.8,4468.2
E09000010,Enfield,2031,362953,80.8,4490.2
E09000010,Enfield,2032,364916,80.8,4514.5
E09000010,Enfield,2033,366907,80.8,4539.1
E09000010,Enfield,2034,368844,80.8,4563.1
E09000010,Enfield,2035,371481,80.8,4595.7
E09000010,Enfield,2036,374385,80.8,4631.6
E09000010,Enfield,2037,377356,80.8,4668.4
E09000010,Enfield,2038,380361,80.8,4705.6
E09000010,Enfield,2039,383334,80.8,4742.4
E09000010,Enfield,2040,386046,80.8,4775.9
E09000010,Enfield,2041,388564,80.8,4807.1
E09000010,Enfield,2042,391764,80.8,4846.6
E09000010,Enfield,2043,395210,80.8,4889.3
E09000010,Enfield,2044,398809,80.8,4933.8
E09000010,Enfield,2045,401427,80.8,4966.2
E09000010,Enfield,2046,401786,80.8,4970.6
E09000010,Enfield,2047,402018,80.8,4973.5
E09000010,Enfield,2048,402190,80.8,4975.6
E09000010,Enfield,2049,402490,80.8,4979.3
E09000010,Enfield,2050,402838,80.8,4983.6
E09000011,Greenwich,1999,212168,47.3,4482.4
E09000011,Greenwich,2000,214438,47.3,4530.3
E09000011,Greenwich,2001,217460,47.3,4594.2
E09000011,Greenwich,2002,221476,47.3,4679
E09000011,Greenwich,2003,224303,47.3,4738.7
E09000011,Greenwich,2004,227190,47.3,4799.7
E09000011,Greenwich,2005,230494,47.3,4869.5
E09000011,Greenwich,2006,233990,47.3,4943.4
E09000011,Greenwich,2007,236535,47.3,4997.2
E09000011,Greenwich,2008,239748,47.3,5065
E09000011,Greenwich,2009,243672,47.3,5147.9
E09000011,Greenwich,2010,249171,47.3,5264.1
E09000011,Greenwich,2011,255483,47.3,5397.5
E09000011,Greenwich,2012,260068,47.3,5494.3
E09000011,Greenwich,2013,264008,47.3,5577.6
E09000011,Greenwich,2014,268678,47.3,5676.2
E09000011,Greenwich,2015,274803,47.3,5805.6
E09000011,Greenwich,2016,279766,47.3,5910.5
E09000011,Greenwich,2017,282774,47.3,5974
E09000011,Greenwich,2018,286322,47.3,6049
E09000011,Greenwich,2019,289650,47.3,6119.3
E09000011,Greenwich,2020,292466,47.3,6178.8
E09000011,Greenwich,2021,294837,47.3,6228.9
E09000011,Greenwich,2022,297039,47.3,6275.4
E09000011,Greenwich,2023,300514,47.3,6348.8
E09000011,Greenwich,2024,306500,47.3,6475.3
E09000011,Greenwich,2025,312027,47.3,6592
E09000011,Greenwich,2026,317560,47.3,6708.9
E09000011,Greenwich,2027,323061,47.3,6825.2
E09000011,Greenwich,2028,328388,47.3,6937.7
E09000011,Greenwich,2029,333795,47.3,7051.9
E09000011,Greenwich,2030,339418,47.3,7170.7
E09000011,Greenwich,2031,344437,47.3,7276.8
E09000011,Greenwich,2032,349135,47.3,7376
E09000011,Greenwich,2033,353695,47.3,7472.3
E09000011,Greenwich,2034,358219,47.3,7567.9
E09000011,Greenwich,2035,360886,47.3,7624.3
E09000011,Greenwich,2036,363025,47.3,7669.5
E09000011,Greenwich,2037,364972,47.3,7710.6
E09000011,Greenwich,2038,366856,47.3,7750.4
E09000011,Greenwich,2039,368760,47.3,7790.6
E09000011,Greenwich,2040,371519,47.3,7848.9
E09000011,Greenwich,2041,374341,47.3,7908.5
E09000011,Greenwich,2042,375162,47.3,7925.9
E09000011,Greenwich,2043,375549,47.3,7934
E09000011,Greenwich,2044,375999,47.3,7943.6
E09000011,Greenwich,2045,376759,47.3,7959.6
E09000011,Greenwich,2046,377807,47.3,7981.7
E09000011,Greenwich,2047,378995,47.3,8006.8
E09000011,Greenwich,2048,380244,47.3,8033.2
E09000011,Greenwich,2049,381675,47.3,8063.5
E09000011,Greenwich,2050,383314,47.3,8098.1
E09000012,Hackney,1999,199087,19,10451.3
E09000012,Hackney,2000,203381,19,10676.7
E09000012,Hackney,2001,207246,19,10879.6
E09000012,Hackney,2002,210961,19,11074.6
E09000012,Hackney,2003,212405,19,11150.4
E09000012,Hackney,2004,213581,19,11212.2
E09000012,Hackney,2005,216512,19,11366
E09000012,Hackney,2006,220193,19,11559.3
E09000012,Hackney,2007,224480,19,11784.3
E09000012,Hackney,2008,231041,19,12128.8
E09000012,Hackney,2009,236622,19,12421.7
E09000012,Hackney,2010,241739,19,12690.4
E09000012,Hackney,2011,247578,19,12996.9
E09000012,Hackney,2012,252515,19,13256.1
E09000012,Hackney,2013,257775,19,13532.2
E09000012,Hackney,2014,263546,19,13835.1
E09000012,Hackney,2015,269405,19,14142.7
E09000012,Hackney,2016,273922,19,14379.8
E09000012,Hackney,2017,277475,19,14566.4
E09000012,Hackney,2018,281740,19,14790.3
E09000012,Hackney,2019,286425,19,15036.2
E09000012,Hackney,2020,289488,19,15197
E09000012,Hackney,2021,292023,19,15330.1
E09000012,Hackney,2022,294312,19,15450.2
E09000012,Hackney,2023,296177,19,15548.1
E09000012,Hackney,2024,297569,19,15621.2
E09000012,Hackney,2025,298472,19,15668.6
E09000012,Hackney,2026,299126,19,15703
E09000012,Hackney,2027,299489,19,15722
E09000012,Hackney,2028,299494,19,15722.3
E09000012,Hackney,2029,299220,19,15707.9
E09000012,Hackney,2030,300157,19,15757.1
E09000012,Hackney,2031,301706,19,15838.4
E09000012,Hackney,2032,303472,19,15931.1
E09000012,Hackney,2033,305287,19,16026.4
E09000012,Hackney,2034,307078,19,16120.4
E09000012,Hackney,2035,309588,19,16252.2
E09000012,Hackney,2036,312334,19,16396.3
E09000012,Hackney,2037,315101,19,16541.6
E09000012,Hackney,2038,317824,19,16684.5
E09000012,Hackney,2039,320448,19,16822.3
E09000012,Hackney,2040,322757,19,16943.5
E09000012,Hackney,2041,324824,19,17052
E09000012,Hackney,2042,327534,19,17194.3
E09000012,Hackney,2043,330425,19,17346
E09000012,Hackney,2044,333410,19,17502.7
E09000012,Hackney,2045,336476,19,17663.7
E09000012,Hackney,2046,339633,19,17829.4
E09000012,Hackney,2047,342776,19,17994.4
E09000012,Hackney,2048,345846,19,18155.6
E09000012,Hackney,2049,348993,19,18320.8
E09000012,Hackney,2050,351640,19,18459.7
E09000013,Hammersmith and Fulham,1999,160634,16.4,9796.3
E09000013,Hammersmith and Fulham,2000,164393,16.4,10025.5
E09000013,Hammersmith and Fulham,2001,169374,16.4,10329.3
E09000013,Hammersmith and Fulham,2002,171989,16.4,10488.8
E09000013,Hammersmith and Fulham,2003,171510,16.4,10459.6
E09000013,Hammersmith and Fulham,2004,172083,16.4,10494.5
E09000013,Hammersmith and Fulham,2005,173292,16.4,10568.2
E09000013,Hammersmith and Fulham,2006,174675,16.4,10652.6
E09000013,Hammersmith and Fulham,2007,176472,16.4,10762.2
E09000013,Hammersmith and Fulham,2008,177088,16.4,10799.7
E09000013,Hammersmith and Fulham,2009,180116,16.4,10984.4
E09000013,Hammersmith and Fulham,2010,180842,16.4,11028.7
E09000013,Hammersmith and Fulham,2011,182790,16.4,11147.5
E09000013,Hammersmith and Fulham,2012,180195,16.4,10989.2
E09000013,Hammersmith and Fulham,2013,179030,16.4,10918.2
E09000013,Hammersmith and Fulham,2014,178710,16.4,10898.6
E09000013,Hammersmith and Fulham,2015,179754,16.4,10962.3
E09000013,Hammersmith and Fulham,2016,179998,16.4,10977.2
E09000013,Hammersmith and Fulham,2017,181889,16.4,11092.5
E09000013,Hammersmith and Fulham,2018,184050,16.4,11224.3
E09000013,Hammersmith and Fulham,2019,186075,16.4,11347.8
E09000013,Hammersmith and Fulham,2020,190721,16.4,11631.1
E09000013,Hammersmith and Fulham,2021,195981,16.4,11951.9
E09000013,Hammersmith and Fulham,2022,201406,16.4,12282.8
E09000013,Hammersmith and Fulham,2023,206689,16.4,12604.9
E09000013,Hammersmith and Fulham,2024,211895,16.4,12922.4
E09000013,Hammersmith and Fulham,2025,215227,16.4,13125.6
E09000013,Hammersmith and Fulham,2026,218686,16.4,13336.6
E09000013,Hammersmith and Fulham,2027,222083,16.4,13543.7
E09000013,Hammersmith and Fulham,2028,225391,16.4,13745.5
E09000013,Hammersmith and Fulham,2029,228724,16.4,13948.8
E09000013,Hammersmith and Fulham,2030,234251,16.4,14285.8
E09000013,Hammersmith and Fulham,2031,239390,16.4,14599.2
E09000013,Hammersmith and Fulham,2032,244265,16.4,14896.5
E09000013,Hammersmith and Fulham,2033,249003,16.4,15185.5
E09000013,Hammersmith and Fulham,2034,253686,16.4,15471.1
E09000013,Hammersmith and Fulham,2035,256319,16.4,15631.6
E09000013,Hammersmith and Fulham,2036,258582,16.4,15769.6
E09000013,Hammersmith and Fulham,2037,260678,16.4,15897.5
E09000013,Hammersmith and Fulham,2038,262724,16.4,16022.2
E09000013,Hammersmith and Fulham,2039,264737,16.4,16145
E09000013,Hammersmith and Fulham,2040,266557,16.4,16256
E09000013,Hammersmith and Fulham,2041,268418,16.4,16369.5
E09000013,Hammersmith and Fulham,2042,269070,16.4,16409.3
E09000013,Hammersmith and Fulham,2043,269366,16.4,16427.3
E09000013,Hammersmith and Fulham,2044,269591,16.4,16441
E09000013,Hammersmith and Fulham,2045,269815,16.4,16454.7
E09000013,Hammersmith and Fulham,2046,270052,16.4,16469.1
E09000013,Hammersmith and Fulham,2047,270210,16.4,16478.8
E09000013,Hammersmith and Fulham,2048,270315,16.4,16485.2
E09000013,Hammersmith and Fulham,2049,270525,16.4,16498
E09000013,Hammersmith and Fulham,2050,270774,16.4,16513.2
E09000014,Haringey,1999,218559,29.6,7384.2
E09000014,Haringey,2000,219845,29.6,7427.6
E09000014,Haringey,2001,221251,29.6,7475.1
E09000014,Haringey,2002,224474,29.6,7584
E09000014,Haringey,2003,225027,29.6,7602.7
E09000014,Haringey,2004,226472,29.6,7651.5
E09000014,Haringey,2005,229271,29.6,7746.1
E09000014,Haringey,2006,233174,29.6,7877.9
E09000014,Haringey,2007,236793,29.6,8000.2
E09000014,Haringey,2008,244459,29.6,8259.2
E09000014,Haringey,2009,249805,29.6,8439.8
E09000014,Haringey,2010,252742,29.6,8539
E09000014,Haringey,2011,256438,29.6,8663.9
E09000014,Haringey,2012,259810,29.6,8777.8
E09000014,Haringey,2013,264284,29.6,8929
E09000014,Haringey,2014,268439,29.6,9069.4
E09000014,Haringey,2015,273762,29.6,9249.2
E09000014,Haringey,2016,279349,29.6,9438
E09000014,Haringey,2017,282397,29.6,9541
E09000014,Haringey,2018,284288,29.6,9604.8
E09000014,Haringey,2019,285949,29.6,9661
E09000014,Haringey,2020,288913,29.6,9761.1
E09000014,Haringey,2021,291330,29.6,9842.8
E09000014,Haringey,2022,293503,29.6,9916.2
E09000014,Haringey,2023,295263,29.6,9975.6
E09000014,Haringey,2024,296572,29.6,10019.9
E09000014,Haringey,2025,297410,29.6,10048.2
E09000014,Haringey,2026,298020,29.6,10068.8
E09000014,Haringey,2027,298369,29.6,10080.6
E09000014,Haringey,2028,298376,29.6,10080.8
E09000014,Haringey,2029,298109,29.6,10071.8
E09000014,Haringey,2030,298983,29.6,10101.3
E09000014,Haringey,2031,300410,29.6,10149.5
E09000014,Haringey,2032,302018,29.6,10203.9
E09000014,Haringey,2033,303635,29.6,10258.5
E09000014,Haringey,2034,305201,29.6,10311.4
E09000014,Haringey,2035,307422,29.6,10386.4
E09000014,Haringey,2036,309847,29.6,10468.4
E09000014,Haringey,2037,312286,29.6,10550.8
E09000014,Haringey,2038,314694,29.6,10632.1
E09000014,Haringey,2039,317024,29.6,10710.9
E09000014,Haringey,2040,319077,29.6,10780.2
E09000014,Haringey,2041,320928,29.6,10842.8
E09000014,Haringey,2042,323387,29.6,10925.8
E09000014,Haringey,2043,326027,29.6,11015
E09000014,Haringey,2044,328763,29.6,11107.5
E09000014,Haringey,2045,331575,29.6,11202.5
E09000014,Haringey,2046,334469,29.6,11300.2
E09000014,Haringey,2047,337331,29.6,11396.9
E09000014,Haringey,2048,340108,29.6,11490.8
E09000014,Haringey,2049,342932,29.6,11586.2
E09000014,Haringey,2050,345855,29.6,11684.9
E09000015,Harrow,1999,207909,50.5,4120
E09000015,Harrow,2000,209114,50.5,4143.9
E09000015,Harrow,2001,210044,50.5,4162.4
E09000015,Harrow,2002,212336,50.5,4207.8
E09000015,Harrow,2003,213728,50.5,4235.4
E09000015,Harrow,2004,216267,50.5,4285.7
E09000015,Harrow,2005,221109,50.5,4381.6
E09000015,Harrow,2006,223632,50.5,4431.6
E09000015,Harrow,2007,226355,50.5,4485.6
E09000015,Harrow,2008,229567,50.5,4549.2
E09000015,Harrow,2009,233495,50.5,4627.1
E09000015,Harrow,2010,237451,50.5,4705.5
E09000015,Harrow,2011,241063,50.5,4777
E09000015,Harrow,2012,242941,50.5,4814.3
E09000015,Harrow,2013,243937,50.5,4834
E09000015,Harrow,2014,246575,50.5,4886.3
E09000015,Harrow,2015,247694,50.5,4908.5
E09000015,Harrow,2016,249316,50.5,4940.6
E09000015,Harrow,2017,252052,50.5,4994.8
E09000015,Harrow,2018,255369,50.5,5060.5
E09000015,Harrow,2019,258861,50.5,5129.7
E09000015,Harrow,2020,261348,50.5,5179
E09000015,Harrow,2021,263484,50.5,5221.4
E09000015,Harrow,2022,265449,50.5,5260.3
E09000015,Harrow,2023,267120,50.5,5293.4
E09000015,Harrow,2024,268448,50.5,5319.7
E09000015,Harrow,2025,269422,50.5,5339
E09000015,Harrow,2026,270238,50.5,5355.2
E09000015,Harrow,2027,270800,50.5,5366.3
E09000015,Harrow,2028,271504,50.5,5380.3
E09000015,Harrow,2029,273146,50.5,5412.8
E09000015,Harrow,2030,273953,50.5,5428.8
E09000015,Harrow,2031,275174,50.5,5453
E09000015,Harrow,2032,276552,50.5,5480.3
E09000015,Harrow,2033,277957,50.5,5508.2
E09000015,Harrow,2034,279329,50.5,5535.4
E09000015,Harrow,2035,281208,50.5,5572.6
E09000015,Harrow,2036,283245,50.5,5613
E09000015,Harrow,2037,285289,50.5,5653.5
E09000015,Harrow,2038,287311,50.5,5693.5
E09000015,Harrow,2039,289277,50.5,5732.5
E09000015,Harrow,2040,291024,50.5,5767.1
E09000015,Harrow,2041,292606,50.5,5798.5
E09000015,Harrow,2042,294673,50.5,5839.4
E09000015,Harrow,2043,296893,50.5,5883.4
E09000015,Harrow,2044,299199,50.5,5929.1
E09000015,Harrow,2045,301597,50.5,5976.6
E09000015,Harrow,2046,304099,50.5,6026.2
E09000015,Harrow,2047,306628,50.5,6076.3
E09000015,Harrow,2048,308303,50.5,6109.5
E09000015,Harrow,2049,308511,50.5,6113.6
E09000015,Harrow,2050,308750,50.5,6118.4
E09000016,Havering,1999,225712,112.3,2009
E09000016,Havering,2000,225141,112.3,2003.9
E09000016,Havering,2001,224717,112.3,2000.2
E09000016,Havering,2002,225054,112.3,2003.2
E09000016,Havering,2003,225248,112.3,2004.9
E09000016,Havering,2004,225769,112.3,2009.5
E09000016,Havering,2005,226990,112.3,2020.4
E09000016,Havering,2006,228198,112.3,2031.1
E09000016,Havering,2007,229789,112.3,2045.3
E09000016,Havering,2008,231793,112.3,2063.1
E09000016,Havering,2009,234127,112.3,2083.9
E09000016,Havering,2010,236234,112.3,2102.7
E09000016,Havering,2011,238281,112.3,2120.9
E09000016,Havering,2012,240087,112.3,2137
E09000016,Havering,2013,242434,112.3,2157.9
E09000016,Havering,2014,246328,112.3,2192.5
E09000016,Havering,2015,249439,112.3,2220.2
E09000016,Havering,2016,253137,112.3,2253.1
E09000016,Havering,2017,256162,112.3,2280
E09000016,Havering,2018,257511,112.3,2292
E09000016,Havering,2019,258655,112.3,2302.2
E09000016,Havering,2020,261830,112.3,2330.5
E09000016,Havering,2021,265930,112.3,2367
E09000016,Havering,2022,271368,112.3,2415.4
E09000016,Havering,2023,276649,112.3,2462.4
E09000016,Havering,2024,281728,112.3,2507.6
E09000016,Havering,2025,284971,112.3,2536.5
E09000016,Havering,2026,288319,112.3,2566.3
E09000016,Havering,2027,291556,112.3,2595.1
E09000016,Havering,2028,294661,112.3,2622.7
E09000016,Havering,2029,297731,112.3,2650
E09000016,Havering,2030,298889,112.3,2660.3
E09000016,Havering,2031,300329,112.3,2673.2
E09000016,Havering,2032,302003,112.3,2688.1
E09000016,Havering,2033,303770,112.3,2703.8
E09000016,Havering,2034,305552,112.3,2719.7
E09000016,Havering,2035,307605,112.3,2737.9
E09000016,Havering,2036,308828,112.3,2748.8
E09000016,Havering,2037,309902,112.3,2758.4
E09000016,Havering,2038,310941,112.3,2767.6
E09000016,Havering,2039,311948,112.3,2776.6
E09000016,Havering,2040,312776,112.3,2784
E09000016,Havering,2041,313651,112.3,2791.7
E09000016,Havering,2042,314259,112.3,2797.2
E09000016,Havering,2043,314554,112.3,2799.8
E09000016,Havering,2044,314784,112.3,2801.8
E09000016,Havering,2045,315023,112.3,2804
E09000016,Havering,2046,315284,112.3,2806.3
E09000016,Havering,2047,315450,112.3,2807.8
E09000016,Havering,2048,315571,112.3,2808.8
E09000016,Havering,2049,315789,112.3,2810.8
E09000016,Havering,2050,316043,112.3,2813
E09000017,Hillingdon,1999,245053,115.7,2118
E09000017,Hillingdon,2000,245911,115.7,2125.4
E09000017,Hillingdon,2001,245616,115.7,2122.8
E09000017,Hillingdon,2002,247063,115.7,2135.4
E09000017,Hillingdon,2003,248054,115.7,2143.9
E09000017,Hillingdon,2004,248691,115.7,2149.4
E09000017,Hillingdon,2005,251430,115.7,2173.1
E09000017,Hillingdon,2006,254387,115.7,2198.7
E09000017,Hillingdon,2007,256981,115.7,2221.1
E09000017,Hillingdon,2008,261051,115.7,2256.3
E09000017,Hillingdon,2009,265665,115.7,2296.1
E09000017,Hillingdon,2010,269465,115.7,2329
E09000017,Hillingdon,2011,276134,115.7,2386.6
E09000017,Hillingdon,2012,282391,115.7,2440.7
E09000017,Hillingdon,2013,287443,115.7,2484.4
E09000017,Hillingdon,2014,293325,115.7,2535.2
E09000017,Hillingdon,2015,298370,115.7,2578.8
E09000017,Hillingdon,2016,303106,115.7,2619.7
E09000017,Hillingdon,2017,307040,115.7,2653.7
E09000017,Hillingdon,2018,309926,115.7,2678.7
E09000017,Hillingdon,2019,312567,115.7,2701.5
E09000017,Hillingdon,2020,316253,115.7,2733.4
E09000017,Hillingdon,2021,319467,115.7,2761.1
E09000017,Hillingdon,2022,322492,115.7,2787.3
E09000017,Hillingdon,2023,325182,115.7,2810.5
E09000017,Hillingdon,2024,327456,115.7,2830.2
E09000017,Hillingdon,2025,329302,115.7,2846.1
E09000017,Hillingdon,2026,330872,115.7,2859.7
E09000017,Hillingdon,2027,332077,115.7,2870.1
E09000017,Hillingdon,2028,332843,115.7,2876.7
E09000017,Hillingdon,2029,333252,115.7,2880.3
E09000017,Hillingdon,2030,334770,115.7,2893.4
E09000017,Hillingdon,2031,336765,115.7,2910.6
E09000017,Hillingdon,2032,338845,115.7,2928.6
E09000017,Hillingdon,2033,340856,115.7,2946
E09000017,Hillingdon,2034,342761,115.7,2962.5
E09000017,Hillingdon,2035,345327,115.7,2984.6
E09000017,Hillingdon,2036,348098,115.7,3008.6
E09000017,Hillingdon,2037,350877,115.7,3032.6
E09000017,Hillingdon,2038,353636,115.7,3056.5
E09000017,Hillingdon,2039,356323,115.7,3079.7
E09000017,Hillingdon,2040,358723,115.7,3100.4
E09000017,Hillingdon,2041,360780,115.7,3118.2
E09000017,Hillingdon,2042,361550,115.7,3124.9
E09000017,Hillingdon,2043,361915,115.7,3128
E09000017,Hillingdon,2044,362197,115.7,3130.5
E09000017,Hillingdon,2045,362486,115.7,3133
E09000017,Hillingdon,2046,362792,115.7,3135.6
E09000017,Hillingdon,2047,362998,115.7,3137.4
E09000017,Hillingdon,2048,363140,115.7,3138.6
E09000017,Hillingdon,2049,363401,115.7,3140.9
E09000017,Hillingdon,2050,363708,115.7,3143.5
E09000018,Hounslow,1999,214298,56,3828.3
E09000018,Hounslow,2000,214731,56,3836
E09000018,Hounslow,2001,215976,56,3858.2
E09000018,Hounslow,2002,216888,56,3874.5
E09000018,Hounslow,2003,216498,56,3867.6
E09000018,Hounslow,2004,219440,56,3920.1
E09000018,Hounslow,2005,223776,56,3997.6
E09000018,Hounslow,2006,228126,56,4075.3
E09000018,Hounslow,2007,233454,56,4170.5
E09000018,Hounslow,2008,237907,56,4250
E09000018,Hounslow,2009,243366,56,4347.5
E09000018,Hounslow,2010,249236,56,4452.4
E09000018,Hounslow,2011,255334,56,4561.3
E09000018,Hounslow,2012,259459,56,4635
E09000018,Hounslow,2013,262814,56,4695
E09000018,Hounslow,2014,265975,56,4751.4
E09000018,Hounslow,2015,269177,56,4808.6
E09000018,Hounslow,2016,271546,56,4850.9
E09000018,Hounslow,2017,274970,56,4912.1
E09000018,Hounslow,2018,278264,56,4971
E09000018,Hounslow,2019,281339,56,5025.9
E09000018,Hounslow,2020,284358,56,5079.8
E09000018,Hounslow,2021,286947,56,5126.1
E09000018,Hounslow,2022,289358,56,5169.1
E09000018,Hounslow,2023,291460,56,5206.7
E09000018,Hounslow,2024,293167,56,5237.2
E09000018,Hounslow,2025,294459,56,5260.3
E09000018,Hounslow,2026,295790,56,5284
E09000018,Hounslow,2027,297418,56,5313.1
E09000018,Hounslow,2028,298986,56,5341.1
E09000018,Hounslow,2029,300658,56,5371
E09000018,Hounslow,2030,301808,56,5391.6
E09000018,Hounslow,2031,303058,56,5413.9
E09000018,Hounslow,2032,304489,56,5439.4
E09000018,Hounslow,2033,305958,56,5465.7
E09000018,Hounslow,2034,307402,56,5491.5
E09000018,Hounslow,2035,309487,56,5528.7
E09000018,Hounslow,2036,311775,56,5569.6
E09000018,Hounslow,2037,314076,56,5610.7
E09000018,Hounslow,2038,316354,56,5651.4
E09000018,Hounslow,2039,318561,56,5690.8
E09000018,Hounslow,2040,320507,56,5725.6
E09000018,Hounslow,2041,322250,56,5756.7
E09000018,Hounslow,2042,324566,56,5798.1
E09000018,Hounslow,2043,327038,56,5842.3
E09000018,Hounslow,2044,329580,56,5887.7
E09000018,Hounslow,2045,332197,56,5934.4
E09000018,Hounslow,2046,334905,56,5982.8
E09000018,Hounslow,2047,337605,56,6031
E09000018,Hounslow,2048,340243,56,6078.2
E09000018,Hounslow,2049,342944,56,6126.4
E09000018,Hounslow,2050,345756,56,6176.7
E09000019,Islington,1999,175717,14.9,11827.5
E09000019,Islington,2000,177852,14.9,11971.2
E09000019,Islington,2001,179387,14.9,12074.5
E09000019,Islington,2002,180118,14.9,12123.7
E09000019,Islington,2003,180899,14.9,12176.3
E09000019,Islington,2004,180831,14.9,12171.7
E09000019,Islington,2005,183477,14.9,12349.8
E09000019,Islington,2006,185283,14.9,12471.4
E09000019,Islington,2007,188636,14.9,12697.1
E09000019,Islington,2008,192089,14.9,12929.5
E09000019,Islington,2009,196704,14.9,13240.1
E09000019,Islington,2010,200129,14.9,13470.7
E09000019,Islington,2011,206639,14.9,13908.9
E09000019,Islington,2012,211400,14.9,14229.3
E09000019,Islington,2013,216024,14.9,14540.6
E09000019,Islington,2014,221383,14.9,14901.3
E09000019,Islington,2015,228045,14.9,15349.7
E09000019,Islington,2016,233218,14.9,15697.9
E09000019,Islington,2017,235370,14.9,15842.7
E09000019,Islington,2018,238267,14.9,16037.7
E09000019,Islington,2019,241589,14.9,16261.3
E09000019,Islington,2020,242827,14.9,16344.7
E09000019,Islington,2021,244372,14.9,16448.7
E09000019,Islington,2022,245839,14.9,16547.4
E09000019,Islington,2023,247009,14.9,16626.2
E09000019,Islington,2024,247841,14.9,16682.2
E09000019,Islington,2025,248352,14.9,16716.5
E09000019,Islington,2026,248723,14.9,16741.5
E09000019,Islington,2027,248916,14.9,16754.5
E09000019,Islington,2028,248834,14.9,16749
E09000019,Islington,2029,248569,14.9,16731.2
E09000019,Islington,2030,249455,14.9,16790.8
E09000019,Islington,2031,250875,14.9,16886.4
E09000019,Islington,2032,252427,14.9,16990.8
E09000019,Islington,2033,253952,14.9,17093.5
E09000019,Islington,2034,255400,14.9,17190.9
E09000019,Islington,2035,257466,14.9,17330
E09000019,Islington,2036,259678,14.9,17478.9
E09000019,Islington,2037,261844,14.9,17624.7
E09000019,Islington,2038,263925,14.9,17764.8
E09000019,Islington,2039,265884,14.9,17896.6
E09000019,Islington,2040,267544,14.9,18008.4
E09000019,Islington,2041,268983,14.9,18105.2
E09000019,Islington,2042,271001,14.9,18241
E09000019,Islington,2043,273155,14.9,18386
E09000019,Islington,2044,273741,14.9,18425.5
E09000019,Islington,2045,273977,14.9,18441.4
E09000019,Islington,2046,274227,14.9,18458.2
E09000019,Islington,2047,274390,14.9,18469.2
E09000019,Islington,2048,274497,14.9,18476.4
E09000019,Islington,2049,274711,14.9,18490.8
E09000019,Islington,2050,274967,14.9,18508
E09000020,Kensington and Chelsea,1999,147678,12.1,12180.6
E09000020,Kensington and Chelsea,2000,154661,12.1,12756.6
E09000020,Kensington and Chelsea,2001,162199,12.1,13378.3
E09000020,Kensington and Chelsea,2002,163827,12.1,13512.6
E09000020,Kensington and Chelsea,2003,165268,12.1,13631.5
E09000020,Kensington and Chelsea,2004,165752,12.1,13671.4
E09000020,Kensington and Chelsea,2005,168375,12.1,13887.7
E09000020,Kensington and Chelsea,2006,165245,12.1,13629.6
E09000020,Kensington and Chelsea,2007,162883,12.1,13434.7
E09000020,Kensington and Chelsea,2008,162579,12.1,13409.7
E09000020,Kensington and Chelsea,2009,161893,12.1,13353.1
E09000020,Kensington and Chelsea,2010,160463,12.1,13235.1
E09000020,Kensington and Chelsea,2011,158652,12.1,13085.8
E09000020,Kensington and Chelsea,2012,156331,12.1,12894.3
E09000020,Kensington and Chelsea,2013,155995,12.1,12866.6
E09000020,Kensington and Chelsea,2014,156591,12.1,12915.8
E09000020,Kensington and Chelsea,2015,158112,12.1,13041.2
E09000020,Kensington and Chelsea,2016,157127,12.1,12960
E09000020,Kensington and Chelsea,2017,157954,12.1,13028.2
E09000020,Kensington and Chelsea,2018,159301,12.1,13139.3
E09000020,Kensington and Chelsea,2019,160531,12.1,13240.7
E09000020,Kensington and Chelsea,2020,160794,12.1,13262.4
E09000020,Kensington and Chelsea,2021,161552,12.1,13325
E09000020,Kensington and Chelsea,2022,162446,12.1,13398.7
E09000020,Kensington and Chelsea,2023,163255,12.1,13465.4
E09000020,Kensington and Chelsea,2024,164020,12.1,13528.5
E09000020,Kensington and Chelsea,2025,164730,12.1,13587.1
E09000020,Kensington and Chelsea,2026,165522,12.1,13652.4
E09000020,Kensington and Chelsea,2027,166287,12.1,13715.5
E09000020,Kensington and Chelsea,2028,166996,12.1,13774
E09000020,Kensington and Chelsea,2029,167725,12.1,13834.1
E09000020,Kensington and Chelsea,2030,169188,12.1,13954.8
E09000020,Kensington and Chelsea,2031,170397,12.1,14054.5
E09000020,Kensington and Chelsea,2032,171448,12.1,14141.2
E09000020,Kensington and Chelsea,2033,172416,12.1,14221
E09000020,Kensington and Chelsea,2034,173348,12.1,14297.9
E09000020,Kensington and Chelsea,2035,174187,12.1,14367.1
E09000020,Kensington and Chelsea,2036,174815,12.1,14418.9
E09000020,Kensington and Chelsea,2037,175349,12.1,14463
E09000020,Kensington and Chelsea,2038,175860,12.1,14505.1
E09000020,Kensington and Chelsea,2039,176349,12.1,14545.4
E09000020,Kensington and Chelsea,2040,176732,12.1,14577
E09000020,Kensington and Chelsea,2041,177139,12.1,14610.6
E09000020,Kensington and Chelsea,2042,177523,12.1,14642.3
E09000020,Kensington and Chelsea,2043,177716,12.1,14658.2
E09000020,Kensington and Chelsea,2044,177869,12.1,14670.8
E09000020,Kensington and Chelsea,2045,178024,12.1,14683.6
E09000020,Kensington and Chelsea,2046,178188,12.1,14697.1
E09000020,Kensington and Chelsea,2047,178302,12.1,14706.5
E09000020,Kensington and Chelsea,2048,178386,12.1,14713.4
E09000020,Kensington and Chelsea,2049,178528,12.1,14725.2
E09000020,Kensington and Chelsea,2050,178691,12.1,14738.6
E09000021,Kingston upon Thames,1999,146003,37.3,3918.4
E09000021,Kingston upon Thames,2000,147328,37.3,3953.9
E09000021,Kingston upon Thames,2001,149045,37.3,4000
E09000021,Kingston upon Thames,2002,149642,37.3,4016
E09000021,Kingston upon Thames,2003,149683,37.3,4017.1
E09000021,Kingston upon Thames,2004,151055,37.3,4054
E09000021,Kingston upon Thames,2005,152489,37.3,4092.4
E09000021,Kingston upon Thames,2006,153667,37.3,4124.1
E09000021,Kingston upon Thames,2007,154485,37.3,4146
E09000021,Kingston upon Thames,2008,156027,37.3,4187.4
E09000021,Kingston upon Thames,2009,157307,37.3,4221.7
E09000021,Kingston upon Thames,2010,158648,37.3,4257.7
E09000021,Kingston upon Thames,2011,160469,37.3,4306.6
E09000021,Kingston upon Thames,2012,163939,37.3,4399.7
E09000021,Kingston upon Thames,2013,166826,37.3,4477.2
E09000021,Kingston upon Thames,2014,169991,37.3,4562.1
E09000021,Kingston upon Thames,2015,173558,37.3,4657.9
E09000021,Kingston upon Thames,2016,176140,37.3,4727.2
E09000021,Kingston upon Thames,2017,178419,37.3,4788.3
E09000021,Kingston upon Thames,2018,179581,37.3,4819.5
E09000021,Kingston upon Thames,2019,180598,37.3,4846.8
E09000021,Kingston upon Thames,2020,182728,37.3,4904
E09000021,Kingston upon Thames,2021,184660,37.3,4955.8
E09000021,Kingston upon Thames,2022,186434,37.3,5003.4
E09000021,Kingston upon Thames,2023,187973,37.3,5044.7
E09000021,Kingston upon Thames,2024,189276,37.3,5079.7
E09000021,Kingston upon Thames,2025,190330,37.3,5108
E09000021,Kingston upon Thames,2026,191245,37.3,5132.6
E09000021,Kingston upon Thames,2027,194030,37.3,5207.3
E09000021,Kingston upon Thames,2028,197062,37.3,5288.7
E09000021,Kingston upon Thames,2029,200064,37.3,5369.2
E09000021,Kingston upon Thames,2030,202034,37.3,5422.1
E09000021,Kingston upon Thames,2031,203623,37.3,5464.7
E09000021,Kingston upon Thames,2032,205015,37.3,5502.1
E09000021,Kingston upon Thames,2033,206327,37.3,5537.3
E09000021,Kingston upon Thames,2034,207589,37.3,5571.2
E09000021,Kingston upon Thames,2035,208250,37.3,5588.9
E09000021,Kingston upon Thames,2036,209179,37.3,5613.9
E09000021,Kingston upon Thames,2037,210214,37.3,5641.6
E09000021,Kingston upon Thames,2038,211318,37.3,5671.3
E09000021,Kingston upon Thames,2039,212440,37.3,5701.4
E09000021,Kingston upon Thames,2040,213439,37.3,5728.2
E09000021,Kingston upon Thames,2041,214350,37.3,5752.6
E09000021,Kingston upon Thames,2042,215679,37.3,5788.3
E09000021,Kingston upon Thames,2043,217136,37.3,5827.4
E09000021,Kingston upon Thames,2044,218656,37.3,5868.2
E09000021,Kingston upon Thames,2045,220237,37.3,5910.6
E09000021,Kingston upon Thames,2046,221889,37.3,5955
E09000021,Kingston upon Thames,2047,223542,37.3,5999.3
E09000021,Kingston upon Thames,2048,225151,37.3,6042.5
E09000021,Kingston upon Thames,2049,226798,37.3,6086.7
E09000021,Kingston upon Thames,2050,228514,37.3,6132.8
E09000022,Lambeth,1999,266817,26.8,9952.1
E09000022,Lambeth,2000,270028,26.8,10071.9
E09000022,Lambeth,2001,273372,26.8,10196.6
E09000022,Lambeth,2002,273041,26.8,10184.3
E09000022,Lambeth,2003,272195,26.8,10152.7
E09000022,Lambeth,2004,274262,26.8,10229.8
E09000022,Lambeth,2005,277620,26.8,10355.1
E09000022,Lambeth,2006,280524,26.8,10463.4
E09000022,Lambeth,2007,284964,26.8,10629
E09000022,Lambeth,2008,289126,26.8,10784.2
E09000022,Lambeth,2009,294050,26.8,10967.9
E09000022,Lambeth,2010,297650,26.8,11102.2
E09000022,Lambeth,2011,304808,26.8,11369.2
E09000022,Lambeth,2012,310527,26.8,11582.5
E09000022,Lambeth,2013,314569,26.8,11733.3
E09000022,Lambeth,2014,318543,26.8,11881.5
E09000022,Lambeth,2015,324758,26.8,12113.3
E09000022,Lambeth,2016,328237,26.8,12243.1
E09000022,Lambeth,2017,331157,26.8,12352
E09000022,Lambeth,2018,334724,26.8,12485
E09000022,Lambeth,2019,338028,26.8,12608.3
E09000022,Lambeth,2020,340324,26.8,12693.9
E09000022,Lambeth,2021,342250,26.8,12765.7
E09000022,Lambeth,2022,343982,26.8,12830.3
E09000022,Lambeth,2023,345285,26.8,12878.9
E09000022,Lambeth,2024,346100,26.8,12909.3
E09000022,Lambeth,2025,346448,26.8,12922.3
E09000022,Lambeth,2026,346615,26.8,12928.6
E09000022,Lambeth,2027,346584,26.8,12927.4
E09000022,Lambeth,2028,346279,26.8,12916
E09000022,Lambeth,2029,345815,26.8,12898.7
E09000022,Lambeth,2030,347007,26.8,12943.2
E09000022,Lambeth,2031,349019,26.8,13018.2
E09000022,Lambeth,2032,351319,26.8,13104
E09000022,Lambeth,2033,353667,26.8,13191.6
E09000022,Lambeth,2034,355959,26.8,13277.1
E09000022,Lambeth,2035,359116,26.8,13394.8
E09000022,Lambeth,2036,362468,26.8,13519.9
E09000022,Lambeth,2037,365729,26.8,13641.5
E09000022,Lambeth,2038,368829,26.8,13757.1
E09000022,Lambeth,2039,371720,26.8,13865
E09000022,Lambeth,2040,374166,26.8,13956.2
E09000022,Lambeth,2041,376286,26.8,14035.3
E09000022,Lambeth,2042,379179,26.8,14143.2
E09000022,Lambeth,2043,382211,26.8,14256.3
E09000022,Lambeth,2044,385264,26.8,14370.1
E09000022,Lambeth,2045,388339,26.8,14484.8
E09000022,Lambeth,2046,391462,26.8,14601.3
E09000022,Lambeth,2047,394520,26.8,14715.4
E09000022,Lambeth,2048,397440,26.8,14824.3
E09000022,Lambeth,2049,398650,26.8,14869.4
E09000022,Lambeth,2050,399029,26.8,14883.6
E09000023,Lewisham,1999,250310,35.1,7121.3
E09000023,Lewisham,2000,252106,35.1,7172.4
E09000023,Lewisham,2001,254336,35.1,7235.9
E09000023,Lewisham,2002,253662,35.1,7216.7
E09000023,Lewisham,2003,251936,35.1,7167.6
E09000023,Lewisham,2004,252455,35.1,7182.4
E09000023,Lewisham,2005,254930,35.1,7252.8
E09000023,Lewisham,2006,257976,35.1,7339.4
E09000023,Lewisham,2007,261188,35.1,7430.8
E09000023,Lewisham,2008,266508,35.1,7582.2
E09000023,Lewisham,2009,270418,35.1,7693.4
E09000023,Lewisham,2010,272525,35.1,7753.4
E09000023,Lewisham,2011,277525,35.1,7895.6
E09000023,Lewisham,2012,282143,35.1,8027
E09000023,Lewisham,2013,286767,35.1,8158.5
E09000023,Lewisham,2014,292520,35.1,8322.2
E09000023,Lewisham,2015,297912,35.1,8475.6
E09000023,Lewisham,2016,302454,35.1,8604.8
E09000023,Lewisham,2017,306380,35.1,8716.5
E09000023,Lewisham,2018,310324,35.1,8828.7
E09000023,Lewisham,2019,314027,35.1,8934.1
E09000023,Lewisham,2020,317465,35.1,9031.9
E09000023,Lewisham,2021,320574,35.1,9120.4
E09000023,Lewisham,2022,323421,35.1,9201.4
E09000023,Lewisham,2023,325830,35.1,9269.9
E09000023,Lewisham,2024,327730,35.1,9323.9
E09000023,Lewisham,2025,329136,35.1,9363.9
E09000023,Lewisham,2026,330318,35.1,9397.6
E09000023,Lewisham,2027,331205,35.1,9422.8
E09000023,Lewisham,2028,331726,35.1,9437.6
E09000023,Lewisham,2029,331972,35.1,9444.6
E09000023,Lewisham,2030,333474,35.1,9487.4
E09000023,Lewisham,2031,335589,35.1,9547.5
E09000023,Lewisham,2032,337904,35.1,9613.4
E09000023,Lewisham,2033,340236,35.1,9679.7
E09000023,Lewisham,2034,342519,35.1,9744.7
E09000023,Lewisham,2035,345534,35.1,9830.5
E09000023,Lewisham,2036,348763,35.1,9922.3
E09000023,Lewisham,2037,351991,35.1,10014.2
E09000023,Lewisham,2038,355174,35.1,10104.7
E09000023,Lewisham,2039,358249,35.1,10192.2
E09000023,Lewisham,2040,360994,35.1,10270.3
E09000023,Lewisham,2041,363502,35.1,10341.7
E09000023,Lewisham,2042,366687,35.1,10432.3
E09000023,Lewisham,2043,370021,35.1,10527.1
E09000023,Lewisham,2044,373401,35.1,10623.3
E09000023,Lewisham,2045,376831,35.1,10720.9
E09000023,Lewisham,2046,380336,35.1,10820.6
E09000023,Lewisham,2047,383810,35.1,10919.4
E09000023,Lewisham,2048,387195,35.1,11015.7
E09000023,Lewisham,2049,388466,35.1,11051.9
E09000023,Lewisham,2050,388806,35.1,11061.6
E09000024,Merton,1999,185062,37.6,4918.6
E09000024,Merton,2000,188196,37.6,5001.9
E09000024,Merton,2001,191106,37.6,5079.3
E09000024,Merton,2002,190561,37.6,5064.8
E09000024,Merton,2003,189298,37.6,5031.2
E09000024,Merton,2004,188908,37.6,5020.8
E09000024,Merton,2005,190583,37.6,5065.4
E09000024,Merton,2006,192520,37.6,5116.8
E09000024,Merton,2007,194260,37.6,5163.1
E09000024,Merton,2008,195859,37.6,5205.6
E09000024,Merton,2009,198136,37.6,5266.1
E09000024,Merton,2010,199136,37.6,5292.7
E09000024,Merton,2011,201226,37.6,5348.2
E09000024,Merton,2012,202908,37.6,5392.9
E09000024,Merton,2013,203906,37.6,5419.5
E09000024,Merton,2014,204198,37.6,5427.2
E09000024,Merton,2015,205248,37.6,5455.1
E09000024,Merton,2016,205712,37.6,5467.5
E09000024,Merton,2017,208225,37.6,5534.3
E09000024,Merton,2018,209421,37.6,5566
E09000024,Merton,2019,210452,37.6,5593.4
E09000024,Merton,2020,212658,37.6,5652.1
E09000024,Merton,2021,214740,37.6,5707.4
E09000024,Merton,2022,216662,37.6,5758.5
E09000024,Merton,2023,218298,37.6,5802
E09000024,Merton,2024,220418,37.6,5858.3
E09000024,Merton,2025,222714,37.6,5919.4
E09000024,Merton,2026,225047,37.6,5981.4
E09000024,Merton,2027,227279,37.6,6040.7
E09000024,Merton,2028,229456,37.6,6098.5
E09000024,Merton,2029,231636,37.6,6156.5
E09000024,Merton,2030,232473,37.6,6178.7
E09000024,Merton,2031,232956,37.6,6191.6
E09000024,Merton,2032,233638,37.6,6209.7
E09000024,Merton,2033,234439,37.6,6231
E09000024,Merton,2034,235289,37.6,6253.6
E09000024,Merton,2035,236669,37.6,6290.2
E09000024,Merton,2036,238242,37.6,6332.1
E09000024,Merton,2037,239851,37.6,6374.8
E09000024,Merton,2038,241463,37.6,6417.7
E09000024,Merton,2039,243040,37.6,6459.6
E09000024,Merton,2040,244440,37.6,6496.8
E09000024,Merton,2041,245706,37.6,6530.4
E09000024,Merton,2042,247421,37.6,6576
E09000024,Merton,2043,249259,37.6,6624.9
E09000024,Merton,2044,251139,37.6,6674.8
E09000024,Merton,2045,253064,37.6,6726
E09000024,Merton,2046,254848,37.6,6773.4
E09000024,Merton,2047,254993,37.6,6777.3
E09000024,Merton,2048,255093,37.6,6779.9
E09000024,Merton,2049,255279,37.6,6784.9
E09000024,Merton,2050,255498,37.6,6790.7
E09000025,Newham,1999,240517,36.2,6644.4
E09000025,Newham,2000,245463,36.2,6781
E09000025,Newham,2001,249411,36.2,6890.1
E09000025,Newham,2002,255282,36.2,7052.3
E09000025,Newham,2003,256224,36.2,7078.3
E09000025,Newham,2004,254434,36.2,7028.9
E09000025,Newham,2005,253798,36.2,7011.3
E09000025,Newham,2006,257994,36.2,7127.2
E09000025,Newham,2007,266285,36.2,7356.3
E09000025,Newham,2008,276478,36.2,7637.9
E09000025,Newham,2009,286447,36.2,7913.3
E09000025,Newham,2010,299171,36.2,8264.8
E09000025,Newham,2011,311912,36.2,8616.7
E09000025,Newham,2012,315536,36.2,8716.9
E09000025,Newham,2013,319679,36.2,8831.3
E09000025,Newham,2014,325774,36.2,8999.7
E09000025,Newham,2015,334269,36.2,9234.4
E09000025,Newham,2016,342430,36.2,9459.8
E09000025,Newham,2017,347448,36.2,9598.4
E09000025,Newham,2018,353245,36.2,9758.6
E09000025,Newham,2019,359470,36.2,9930.6
E09000025,Newham,2020,363552,36.2,10043.3
E09000025,Newham,2021,366943,36.2,10137
E09000025,Newham,2022,370004,36.2,10221.6
E09000025,Newham,2023,372515,36.2,10290.9
E09000025,Newham,2024,374424,36.2,10343.7
E09000025,Newham,2025,387234,36.2,10697.5
E09000025,Newham,2026,400056,36.2,11051.8
E09000025,Newham,2027,412896,36.2,11406.5
E09000025,Newham,2028,425524,36.2,11755.3
E09000025,Newham,2029,438168,36.2,12104.6
E09000025,Newham,2030,443657,36.2,12256.3
E09000025,Newham,2031,448316,36.2,12385
E09000025,Newham,2032,452580,36.2,12502.8
E09000025,Newham,2033,456754,36.2,12618.1
E09000025,Newham,2034,460902,36.2,12732.7
E09000025,Newham,2035,463190,36.2,12795.9
E09000025,Newham,2036,464821,36.2,12840.9
E09000025,Newham,2037,466111,36.2,12876.6
E09000025,Newham,2038,467406,36.2,12912.3
E09000025,Newham,2039,468681,36.2,12947.6
E09000025,Newham,2040,471105,36.2,13014.5
E09000025,Newham,2041,473611,36.2,13083.8
E09000025,Newham,2042,474709,36.2,13114.1
E09000025,Newham,2043,475206,36.2,13127.8
E09000025,Newham,2044,475586,36.2,13138.3
E09000025,Newham,2045,475971,36.2,13149
E09000025,Newham,2046,476445,36.2,13162
E09000025,Newham,2047,477162,36.2,13181.9
E09000025,Newham,2048,478016,36.2,13205.4
E09000025,Newham,2049,479167,36.2,13237.2
E09000025,Newham,2050,480671,36.2,13278.8
E09000026,Redbridge,1999,238138,56.4,4220.9
E09000026,Redbridge,2000,239868,56.4,4251.5
E09000026,Redbridge,2001,241893,56.4,4287.4
E09000026,Redbridge,2002,244273,56.4,4329.6
E09000026,Redbridge,2003,247412,56.4,4385.3
E09000026,Redbridge,2004,248774,56.4,4409.4
E09000026,Redbridge,2005,251560,56.4,4458.8
E09000026,Redbridge,2006,255590,56.4,4530.2
E09000026,Redbridge,2007,259965,56.4,4607.8
E09000026,Redbridge,2008,265452,56.4,4705
E09000026,Redbridge,2009,270435,56.4,4793.3
E09000026,Redbridge,2010,275088,56.4,4875.8
E09000026,Redbridge,2011,281521,56.4,4989.8
E09000026,Redbridge,2012,284743,56.4,5046.9
E09000026,Redbridge,2013,288398,56.4,5111.7
E09000026,Redbridge,2014,293181,56.4,5196.5
E09000026,Redbridge,2015,296919,56.4,5262.7
E09000026,Redbridge,2016,299375,56.4,5306.3
E09000026,Redbridge,2017,303887,56.4,5386.3
E09000026,Redbridge,2018,305910,56.4,5422.1
E09000026,Redbridge,2019,307690,56.4,5453.7
E09000026,Redbridge,2020,312264,56.4,5534.7
E09000026,Redbridge,2021,316288,56.4,5606.1
E09000026,Redbridge,2022,320018,56.4,5672.2
E09000026,Redbridge,2023,323302,56.4,5730.4
E09000026,Redbridge,2024,326070,56.4,5779.4
E09000026,Redbridge,2025,328279,56.4,5818.6
E09000026,Redbridge,2026,330304,56.4,5854.5
E09000026,Redbridge,2027,332106,56.4,5886.4
E09000026,Redbridge,2028,333593,56.4,5912.8
E09000026,Redbridge,2029,334804,56.4,5934.2
E09000026,Redbridge,2030,337202,56.4,5976.7
E09000026,Redbridge,2031,340121,56.4,6028.5
E09000026,Redbridge,2032,343228,56.4,6083.6
E09000026,Redbridge,2033,346344,56.4,6138.8
E09000026,Redbridge,2034,349386,56.4,6192.7
E09000026,Redbridge,2035,353103,56.4,6258.6
E09000026,Redbridge,2036,357012,56.4,6327.9
E09000026,Redbridge,2037,360905,56.4,6396.9
E09000026,Redbridge,2038,364738,56.4,6464.8
E09000026,Redbridge,2039,368461,56.4,6530.8
E09000026,Redbridge,2040,371856,56.4,6591
E09000026,Redbridge,2041,375020,56.4,6647.1
E09000026,Redbridge,2042,378836,56.4,6714.7
E09000026,Redbridge,2043,382793,56.4,6784.8
E09000026,Redbridge,2044,384943,56.4,6822.9
E09000026,Redbridge,2045,385247,56.4,6828.3
E09000026,Redbridge,2046,385561,56.4,6833.9
E09000026,Redbridge,2047,385769,56.4,6837.6
E09000026,Redbridge,2048,385913,56.4,6840.1
E09000026,Redbridge,2049,386188,56.4,6845
E09000026,Redbridge,2050,386513,56.4,6850.8
E09000027,Richmond upon Thames,1999,172782,57.4,3009.8
E09000027,Richmond upon Thames,2000,172920,57.4,3012.2
E09000027,Richmond upon Thames,2001,174311,57.4,3036.4
E09000027,Richmond upon Thames,2002,175441,57.4,3056.1
E09000027,Richmond upon Thames,2003,177182,57.4,3086.4
E09000027,Richmond upon Thames,2004,179312,57.4,3123.5
E09000027,Richmond upon Thames,2005,181508,57.4,3161.8
E09000027,Richmond upon Thames,2006,182520,57.4,3179.4
E09000027,Richmond upon Thames,2007,182421,57.4,3177.7
E09000027,Richmond upon Thames,2008,182927,57.4,3186.5
E09000027,Richmond upon Thames,2009,184394,57.4,3212.1
E09000027,Richmond upon Thames,2010,186304,57.4,3245.3
E09000027,Richmond upon Thames,2011,187527,57.4,3266.6
E09000027,Richmond upon Thames,2012,189145,57.4,3294.8
E09000027,Richmond upon Thames,2013,191365,57.4,3333.5
E09000027,Richmond upon Thames,2014,193585,57.4,3372.2
E09000027,Richmond upon Thames,2015,194730,57.4,3392.1
E09000027,Richmond upon Thames,2016,195846,57.4,3411.5
E09000027,Richmond upon Thames,2017,197988,57.4,3448.9
E09000027,Richmond upon Thames,2018,199419,57.4,3473.8
E09000027,Richmond upon Thames,2019,200703,57.4,3496.2
E09000027,Richmond upon Thames,2020,201713,57.4,3513.7
E09000027,Richmond upon Thames,2021,203312,57.4,3541.6
E09000027,Richmond upon Thames,2022,205051,57.4,3571.9
E09000027,Richmond upon Thames,2023,206708,57.4,3600.8
E09000027,Richmond upon Thames,2024,208321,57.4,3628.9
E09000027,Richmond upon Thames,2025,209625,57.4,3651.6
E09000027,Richmond upon Thames,2026,210766,57.4,3671.4
E09000027,Richmond upon Thames,2027,211789,57.4,3689.3
E09000027,Richmond upon Thames,2028,212687,57.4,3704.9
E09000027,Richmond upon Thames,2029,213573,57.4,3720.3
E09000027,Richmond upon Thames,2030,214103,57.4,3729.6
E09000027,Richmond upon Thames,2031,214817,57.4,3742
E09000027,Richmond upon Thames,2032,215693,57.4,3757.3
E09000027,Richmond upon Thames,2033,216617,57.4,3773.4
E09000027,Richmond upon Thames,2034,217549,57.4,3789.6
E09000027,Richmond upon Thames,2035,218891,57.4,3813
E09000027,Richmond upon Thames,2036,220373,57.4,3838.8
E09000027,Richmond upon Thames,2037,221877,57.4,3865
E09000027,Richmond upon Thames,2038,223392,57.4,3891.4
E09000027,Richmond upon Thames,2039,224545,57.4,3911.5
E09000027,Richmond upon Thames,2040,224896,57.4,3917.6
E09000027,Richmond upon Thames,2041,225277,57.4,3924.2
E09000027,Richmond upon Thames,2042,225709,57.4,3931.7
E09000027,Richmond upon Thames,2043,225921,57.4,3935.4
E09000027,Richmond upon Thames,2044,226088,57.4,3938.3
E09000027,Richmond upon Thames,2045,226260,57.4,3941.3
E09000027,Richmond upon Thames,2046,226447,57.4,3944.6
E09000027,Richmond upon Thames,2047,226578,57.4,3946.9
E09000027,Richmond upon Thames,2048,226674,57.4,3948.6
E09000027,Richmond upon Thames,2049,226839,57.4,3951.4
E09000027,Richmond upon Thames,2050,227030,57.4,3954.8
E09000028,Southwark,1999,247853,28.9,8587.5
E09000028,Southwark,2000,252726,28.9,8756.3
E09000028,Southwark,2001,256712,28.9,8894.5
E09000028,Southwark,2002,256269,28.9,8879.1
E09000028,Southwark,2003,255242,28.9,8843.5
E09000028,Southwark,2004,257257,28.9,8913.3
E09000028,Southwark,2005,261811,28.9,9071.1
E09000028,Southwark,2006,267553,28.9,9270.1
E09000028,Southwark,2007,272626,28.9,9445.8
E09000028,Southwark,2008,276973,28.9,9596.4
E09000028,Southwark,2009,281120,28.9,9740.1
E09000028,Southwark,2010,283777,28.9,9832.2
E09000028,Southwark,2011,289361,28.9,10025.7
E09000028,Southwark,2012,294174,28.9,10192.4
E09000028,Southwark,2013,299109,28.9,10363.4
E09000028,Southwark,2014,303182,28.9,10504.5
E09000028,Southwark,2015,309545,28.9,10725
E09000028,Southwark,2016,313867,28.9,10874.7
E09000028,Southwark,2017,317735,28.9,11008.8
E09000028,Southwark,2018,322302,28.9,11167
E09000028,Southwark,2019,327271,28.9,11339.2
E09000028,Southwark,2020,330290,28.9,11443.8
E09000028,Southwark,2021,332679,28.9,11526.5
E09000028,Southwark,2022,334826,28.9,11600.9
E09000028,Southwark,2023,336554,28.9,11660.8
E09000028,Southwark,2024,339444,28.9,11760.9
E09000028,Southwark,2025,343402,28.9,11898.1
E09000028,Southwark,2026,347513,28.9,12040.5
E09000028,Southwark,2027,351586,28.9,12181.6
E09000028,Southwark,2028,355518,28.9,12317.8
E09000028,Southwark,2029,359549,28.9,12457.5
E09000028,Southwark,2030,364761,28.9,12638.1
E09000028,Southwark,2031,369273,28.9,12794.4
E09000028,Southwark,2032,373384,28.9,12936.9
E09000028,Southwark,2033,377379,28.9,13075.3
E09000028,Southwark,2034,381360,28.9,13213.2
E09000028,Southwark,2035,384607,28.9,13325.7
E09000028,Southwark,2036,387283,28.9,13418.4
E09000028,Southwark,2037,389704,28.9,13502.3
E09000028,Southwark,2038,392108,28.9,13585.6
E09000028,Southwark,2039,394525,28.9,13669.3
E09000028,Southwark,2040,397608,28.9,13776.2
E09000028,Southwark,2041,400754,28.9,13885.2
E09000028,Southwark,2042,401720,28.9,13918.6
E09000028,Southwark,2043,402161,28.9,13933.9
E09000028,Southwark,2044,402769,28.9,13955
E09000028,Southwark,2045,403785,28.9,13990.2
E09000028,Southwark,2046,405156,28.9,14037.7
E09000028,Southwark,2047,406709,28.9,14091.5
E09000028,Southwark,2048,408340,28.9,14148
E09000028,Southwark,2049,410185,28.9,14211.9
E09000028,Southwark,2050,412254,28.9,14283.6
E09000029,Sutton,1999,179375,43.8,4090.9
E09000029,Sutton,2000,180485,43.8,4116.2
E09000029,Sutton,2001,181461,43.8,4138.5
E09000029,Sutton,2002,181265,43.8,4134
E09000029,Sutton,2003,181267,43.8,4134.1
E09000029,Sutton,2004,181094,43.8,4130.1
E09000029,Sutton,2005,182103,43.8,4153.1
E09000029,Sutton,2006,182882,43.8,4170.9
E09000029,Sutton,2007,184174,43.8,4200.4
E09000029,Sutton,2008,185860,43.8,4238.8
E09000029,Sutton,2009,188167,43.8,4291.4
E09000029,Sutton,2010,189321,43.8,4317.8
E09000029,Sutton,2011,191515,43.8,4367.8
E09000029,Sutton,2012,194022,43.8,4425
E09000029,Sutton,2013,196306,43.8,4477.1
E09000029,Sutton,2014,198526,43.8,4527.7
E09000029,Sutton,2015,200537,43.8,4573.6
E09000029,Sutton,2016,202612,43.8,4620.9
E09000029,Sutton,2017,204933,43.8,4673.8
E09000029,Sutton,2018,207378,43.8,4729.6
E09000029,Sutton,2019,209666,43.8,4781.8
E09000029,Sutton,2020,211297,43.8,4819
E09000029,Sutton,2021,213340,43.8,4865.6
E09000029,Sutton,2022,215228,43.8,4908.6
E09000029,Sutton,2023,216865,43.8,4946
E09000029,Sutton,2024,218218,43.8,4976.8
E09000029,Sutton,2025,219275,43.8,5000.9
E09000029,Sutton,2026,220135,43.8,5020.5
E09000029,Sutton,2027,220784,43.8,5035.3
E09000029,Sutton,2028,221171,43.8,5044.2
E09000029,Sutton,2029,221345,43.8,5048.1
E09000029,Sutton,2030,222186,43.8,5067.3
E09000029,Sutton,2031,223323,43.8,5093.2
E09000029,Sutton,2032,224593,43.8,5122.2
E09000029,Sutton,2033,225874,43.8,5151.4
E09000029,Sutton,2034,227094,43.8,5179.2
E09000029,Sutton,2035,228729,43.8,5216.5
E09000029,Sutton,2036,230509,43.8,5257.1
E09000029,Sutton,2037,232315,43.8,5298.3
E09000029,Sutton,2038,234140,43.8,5339.9
E09000029,Sutton,2039,235945,43.8,5381.1
E09000029,Sutton,2040,237601,43.8,5418.9
E09000029,Sutton,2041,239147,43.8,5454.1
E09000029,Sutton,2042,240823,43.8,5492.4
E09000029,Sutton,2043,241057,43.8,5497.7
E09000029,Sutton,2044,241235,43.8,5501.7
E09000029,Sutton,2045,241426,43.8,5506.1
E09000029,Sutton,2046,241625,43.8,5510.6
E09000029,Sutton,2047,241760,43.8,5513.7
E09000029,Sutton,2048,241862,43.8,5516
E09000029,Sutton,2049,242035,43.8,5520
E09000029,Sutton,2050,242239,43.8,5524.6
E09000030,Tower Hamlets,1999,193507,19.8,9782.3
E09000030,Tower Hamlets,2000,197133,19.8,9965.6
E09000030,Tower Hamlets,2001,201090,19.8,10165.7
E09000030,Tower Hamlets,2002,207031,19.8,10466
E09000030,Tower Hamlets,2003,208651,19.8,10547.9
E09000030,Tower Hamlets,2004,211154,19.8,10674.4
E09000030,Tower Hamlets,2005,213382,19.8,10787.1
E09000030,Tower Hamlets,2006,218400,19.8,11040.7
E09000030,Tower Hamlets,2007,225251,19.8,11387.1
E09000030,Tower Hamlets,2008,231893,19.8,11722.9
E09000030,Tower Hamlets,2009,240495,19.8,12157.7
E09000030,Tower Hamlets,2010,248520,19.8,12563.4
E09000030,Tower Hamlets,2011,256685,19.8,12976.2
E09000030,Tower Hamlets,2012,263676,19.8,13329.6
E09000030,Tower Hamlets,2013,273563,19.8,13829.4
E09000030,Tower Hamlets,2014,284688,19.8,14391.8
E09000030,Tower Hamlets,2015,295909,19.8,14959
E09000030,Tower Hamlets,2016,305527,19.8,15445.3
E09000030,Tower Hamlets,2017,311044,19.8,15724.2
E09000030,Tower Hamlets,2018,317203,19.8,16035.5
E09000030,Tower Hamlets,2019,323696,19.8,16363.8
E09000030,Tower Hamlets,2020,328043,19.8,16583.5
E09000030,Tower Hamlets,2021,331620,19.8,16764.3
E09000030,Tower Hamlets,2022,334834,19.8,16926.8
E09000030,Tower Hamlets,2023,341358,19.8,17256.6
E09000030,Tower Hamlets,2024,348363,19.8,17610.7
E09000030,Tower Hamlets,2025,353945,19.8,17892.9
E09000030,Tower Hamlets,2026,359598,19.8,18178.7
E09000030,Tower Hamlets,2027,365178,19.8,18460.8
E09000030,Tower Hamlets,2028,370711,19.8,18740.5
E09000030,Tower Hamlets,2029,376331,19.8,19024.6
E09000030,Tower Hamlets,2030,380598,19.8,19240.3
E09000030,Tower Hamlets,2031,384124,19.8,19418.6
E09000030,Tower Hamlets,2032,387136,19.8,19570.8
E09000030,Tower Hamlets,2033,390101,19.8,19720.7
E09000030,Tower Hamlets,2034,393062,19.8,19870.4
E09000030,Tower Hamlets,2035,394528,19.8,19944.5
E09000030,Tower Hamlets,2036,395348,19.8,19986
E09000030,Tower Hamlets,2037,395887,19.8,20013.2
E09000030,Tower Hamlets,2038,396714,19.8,20055
E09000030,Tower Hamlets,2039,397695,19.8,20104.6
E09000030,Tower Hamlets,2040,398590,19.8,20149.9
E09000030,Tower Hamlets,2041,400382,19.8,20240.5
E09000030,Tower Hamlets,2042,401943,19.8,20319.4
E09000030,Tower Hamlets,2043,403867,19.8,20416.6
E09000030,Tower Hamlets,2044,406000,19.8,20524.5
E09000030,Tower Hamlets,2045,408311,19.8,20641.3
E09000030,Tower Hamlets,2046,410800,19.8,20767.1
E09000030,Tower Hamlets,2047,413326,19.8,20894.8
E09000030,Tower Hamlets,2048,415811,19.8,21020.4
E09000030,Tower Hamlets,2049,418425,19.8,21152.6
E09000030,Tower Hamlets,2050,421229,19.8,21294.3
E09000031,Waltham Forest,1999,221057,38.8,5696.2
E09000031,Waltham Forest,2000,221296,38.8,5702.3
E09000031,Waltham Forest,2001,222015,38.8,5720.9
E09000031,Waltham Forest,2002,223776,38.8,5766.2
E09000031,Waltham Forest,2003,224115,38.8,5775
E09000031,Waltham Forest,2004,225002,38.8,5797.8
E09000031,Waltham Forest,2005,226747,38.8,5842.8
E09000031,Waltham Forest,2006,230731,38.8,5945.5
E09000031,Waltham Forest,2007,235665,38.8,6072.6
E09000031,Waltham Forest,2008,242098,38.8,6238.4
E09000031,Waltham Forest,2009,248140,38.8,6394
E09000031,Waltham Forest,2010,254009,38.8,6545.3
E09000031,Waltham Forest,2011,260397,38.8,6709.9
E09000031,Waltham Forest,2012,263221,38.8,6782.7
E09000031,Waltham Forest,2013,266452,38.8,6865.9
E09000031,Waltham Forest,2014,268675,38.8,6923.2
E09000031,Waltham Forest,2015,271825,38.8,7004.4
E09000031,Waltham Forest,2016,276498,38.8,7124.8
E09000031,Waltham Forest,2017,280050,38.8,7216.3
E09000031,Waltham Forest,2018,283524,38.8,7305.8
E09000031,Waltham Forest,2019,286776,38.8,7389.6
E09000031,Waltham Forest,2020,290024,38.8,7473.3
E09000031,Waltham Forest,2021,292788,38.8,7544.5
E09000031,Waltham Forest,2022,295311,38.8,7609.5
E09000031,Waltham Forest,2023,297439,38.8,7664.4
E09000031,Waltham Forest,2024,299105,38.8,7707.3
E09000031,Waltham Forest,2025,300284,38.8,7737.7
E09000031,Waltham Forest,2026,301241,38.8,7762.4
E09000031,Waltham Forest,2027,301937,38.8,7780.3
E09000031,Waltham Forest,2028,302286,38.8,7789.3
E09000031,Waltham Forest,2029,302357,38.8,7791.1
E09000031,Waltham Forest,2030,303516,38.8,7821
E09000031,Waltham Forest,2031,305166,38.8,7863.5
E09000031,Waltham Forest,2032,306995,38.8,7910.6
E09000031,Waltham Forest,2033,308846,38.8,7958.3
E09000031,Waltham Forest,2034,310649,38.8,8004.8
E09000031,Waltham Forest,2035,313090,38.8,8067.7
E09000031,Waltham Forest,2036,315746,38.8,8136.1
E09000031,Waltham Forest,2037,318428,38.8,8205.2
E09000031,Waltham Forest,2038,321091,38.8,8273.8
E09000031,Waltham Forest,2039,323687,38.8,8340.7
E09000031,Waltham Forest,2040,326016,38.8,8400.8
E09000031,Waltham Forest,2041,328148,38.8,8455.7
E09000031,Waltham Forest,2042,330884,38.8,8526.2
E09000031,Waltham Forest,2043,333801,38.8,8601.4
E09000031,Waltham Forest,2044,336813,38.8,8679
E09000031,Waltham Forest,2045,339912,38.8,8758.8
E09000031,Waltham Forest,2046,343104,38.8,8841.1
E09000031,Waltham Forest,2047,346284,38.8,8923
E09000031,Waltham Forest,2048,349398,38.8,9003.3
E09000031,Waltham Forest,2049,352579,38.8,9085.2
E09000031,Waltham Forest,2050,353239,38.8,9102.2
E09000032,Wandsworth,1999,264220,34.3,7711.3
E09000032,Wandsworth,2000,267695,34.3,7812.7
E09000032,Wandsworth,2001,271742,34.3,7930.8
E09000032,Wandsworth,2002,274917,34.3,8023.5
E09000032,Wandsworth,2003,276828,34.3,8079.2
E09000032,Wandsworth,2004,278615,34.3,8131.4
E09000032,Wandsworth,2005,283229,34.3,8266
E09000032,Wandsworth,2006,287538,34.3,8391.8
E09000032,Wandsworth,2007,291440,34.3,8505.7
E09000032,Wandsworth,2008,294305,34.3,8589.3
E09000032,Wandsworth,2009,299347,34.3,8736.4
E09000032,Wandsworth,2010,302620,34.3,8832
E09000032,Wandsworth,2011,308300,34.3,8997.7
E09000032,Wandsworth,2012,308902,34.3,9015.3
E09000032,Wandsworth,2013,311106,34.3,9079.6
E09000032,Wandsworth,2014,312735,34.3,9127.2
E09000032,Wandsworth,2015,315134,34.3,9197.2
E09000032,Wandsworth,2016,316686,34.3,9242.5
E09000032,Wandsworth,2017,319731,34.3,9331.4
E09000032,Wandsworth,2018,324400,34.3,9467.6
E09000032,Wandsworth,2019,328828,34.3,9596.8
E09000032,Wandsworth,2020,332731,34.3,9710.8
E09000032,Wandsworth,2021,337783,34.3,9858.2
E09000032,Wandsworth,2022,343147,34.3,10014.7
E09000032,Wandsworth,2023,348272,34.3,10164.3
E09000032,Wandsworth,2024,353279,34.3,10310.4
E09000032,Wandsworth,2025,357242,34.3,10426.1
E09000032,Wandsworth,2026,361424,34.3,10548.2
E09000032,Wandsworth,2027,365513,34.3,10667.5
E09000032,Wandsworth,2028,369457,34.3,10782.6
E09000032,Wandsworth,2029,373443,34.3,10898.9
E09000032,Wandsworth,2030,377297,34.3,11011.4
E09000032,Wandsworth,2031,380479,34.3,11104.3
E09000032,Wandsworth,2032,383228,34.3,11184.5
E09000032,Wandsworth,2033,385749,34.3,11258.1
E09000032,Wandsworth,2034,388190,34.3,11329.3
E09000032,Wandsworth,2035,390893,34.3,11408.2
E09000032,Wandsworth,2036,393046,34.3,11471
E09000032,Wandsworth,2037,394943,34.3,11526.4
E09000032,Wandsworth,2038,396770,34.3,11579.7
E09000032,Wandsworth,2039,398541,34.3,11631.4
E09000032,Wandsworth,2040,400021,34.3,11674.6
E09000032,Wandsworth,2041,401574,34.3,11719.9
E09000032,Wandsworth,2042,402563,34.3,11748.8
E09000032,Wandsworth,2043,403016,34.3,11762
E09000032,Wandsworth,2044,403368,34.3,11772.3
E09000032,Wandsworth,2045,403720,34.3,11782.6
E09000032,Wandsworth,2046,404091,34.3,11793.4
E09000032,Wandsworth,2047,404340,34.3,11800.7
E09000032,Wandsworth,2048,404511,34.3,11805.7
E09000032,Wandsworth,2049,404842,34.3,11815.3
E09000032,Wandsworth,2050,405231,34.3,11826.7
E09000033,Westminster,1999,189233,21.5,8806.9
E09000033,Westminster,2000,196478,21.5,9144
E09000033,Westminster,2001,203329,21.5,9462.9
E09000033,Westminster,2002,208100,21.5,9684.9
E09000033,Westminster,2003,211009,21.5,9820.3
E09000033,Westminster,2004,214557,21.5,9985.4
E09000033,Westminster,2005,223132,21.5,10384.5
E09000033,Westminster,2006,222829,21.5,10370.4
E09000033,Westminster,2007,220619,21.5,10267.6
E09000033,Westminster,2008,218673,21.5,10177
E09000033,Westminster,2009,216980,21.5,10098.2
E09000033,Westminster,2010,217187,21.5,10107.8
E09000033,Westminster,2011,219582,21.5,10219.3
E09000033,Westminster,2012,223858,21.5,10418.3
E09000033,Westminster,2013,226841,21.5,10557.1
E09000033,Westminster,2014,233292,21.5,10857.4
E09000033,Westminster,2015,242299,21.5,11276.5
E09000033,Westminster,2016,247614,21.5,11523.9
E09000033,Westminster,2017,250049,21.5,11637.2
E09000033,Westminster,2018,254375,21.5,11838.6
E09000033,Westminster,2019,258511,21.5,12031.1
E09000033,Westminster,2020,259981,21.5,12099.5
E09000033,Westminster,2021,262317,21.5,12208.2
E09000033,Westminster,2022,264875,21.5,12327.2
E09000033,Westminster,2023,267274,21.5,12438.9
E09000033,Westminster,2024,269593,21.5,12546.8
E09000033,Westminster,2025,270541,21.5,12590.9
E09000033,Westminster,2026,271648,21.5,12642.4
E09000033,Westminster,2027,272691,21.5,12691
E09000033,Westminster,2028,273591,21.5,12732.9
E09000033,Westminster,2029,273689,21.5,12737.4
E09000033,Westminster,2030,274812,21.5,12789.7
E09000033,Westminster,2031,275466,21.5,12820.1
E09000033,Westminster,2032,275822,21.5,12836.7
E09000033,Westminster,2033,276176,21.5,12853.2
E09000033,Westminster,2034,276568,21.5,12871.4
E09000033,Westminster,2035,277692,21.5,12923.7
E09000033,Westminster,2036,279020,21.5,12985.5
E09000033,Westminster,2037,280411,21.5,13050.3
E09000033,Westminster,2038,281808,21.5,13115.3
E09000033,Westminster,2039,283163,21.5,13178.4
E09000033,Westminster,2040,284297,21.5,13231.1
E09000033,Westminster,2041,285280,21.5,13276.9
E09000033,Westminster,2042,286840,21.5,13349.5
E09000033,Westminster,2043,288539,21.5,13428.6
E09000033,Westminster,2044,290289,21.5,13510
E09000033,Westminster,2045,291439,21.5,13563.5
E09000033,Westminster,2046,291682,21.5,13574.8
E09000033,Westminster,2047,291839,21.5,13582.1
E09000033,Westminster,2048,291944,21.5,13587
E09000033,Westminster,2049,292153,21.5,13596.7
E09000033,Westminster,2050,292403,21.5,13608.4
E12000007,London,1999,7153912,1572.1,4550.4
E12000007,London,2000,7236712,1572.1,4603.1
E12000007,London,2001,7322403,1572.1,4657.6
E12000007,London,2002,7376671,1572.1,4692.1
E12000007,London,2003,7394817,1572.1,4703.6
E12000007,London,2004,7432730,1572.1,4727.8
E12000007,London,2005,7519009,1572.1,4782.6
E12000007,London,2006,7597825,1572.1,4832.8
E12000007,London,2007,7693473,1572.1,4893.6
E12000007,London,2008,7812161,1572.1,4969.1
E12000007,London,2009,7942594,1572.1,5052.1
E12000007,London,2010,8061495,1572.1,5127.7
E12000007,Greater London,2011,8217475,1572.1,5226.9
E12000007,Greater London,2012,8321035,1572.1,5292.8
E12000007,Greater London,2013,8428809,1572.1,5361.3
E12000007,Greater London,2014,8550555,1572.1,5438.8
E12000007,Greater London,2015,8685178,1572.1,5524.4
E12000007,Greater London,2016,8798957,1572.1,5596.8
E12000007,Greater London,2017,8904004,1572.1,5663.6
E12000007,Greater London,2018,9006352,1572.1,5728.7
E12000007,Greater London,2019,9106157,1572.1,5792.2
E12000007,Greater London,2020,9203331,1572.1,5854
E12000007,Greater London,2021,9298024,1572.1,5914.2
E12000007,Greater London,2022,9390069,1572.1,5972.8
E12000007,Greater London,2023,9479610,1572.1,6029.7
E12000007,Greater London,2024,9566482,1572.1,6085
E12000007,Greater London,2025,9650677,1572.1,6138.5
E12000007,Greater London,2026,9732425,1572.1,6190.5
E12000007,Greater London,2027,9811952,1572.1,6241.1
E12000007,Greater London,2028,9889686,1572.1,6290.6
E12000007,Greater London,2029,9965796,1572.1,6339
E12000007,Greater London,2030,10040425,1572.1,6386.4
E12000007,Greater London,2031,10113738,1572.1,6433.1
E12000007,Greater London,2032,10186039,1572.1,6479.1
E12000007,Greater London,2033,10257460,1572.1,6524.5
E12000007,Greater London,2034,10327806,1572.1,6569.2
E12000007,Greater London,2035,10396960,1572.1,6613.2
E12000007,Greater London,2036,10464787,1572.1,6656.4
E12000007,Greater London,2037,10531109,1572.1,6698.6
E12000007,Greater London,2038,10596112,1572.1,6739.9
E12000007,Greater London,2039,10659260,1572.1,6780.1
E12000007,Greater London,2040,10718734,1572.1,6817.9
E12000007,Greater London,2041,10776412,1572.1,6854.6
E12000007,Greater London,2042,10832266,1572.1,6890.1
E12000007,Greater London,2043,10886271,1572.1,6924.5
E12000007,Greater London,2044,10938319,1572.1,6957.6
E12000007,Greater London,2045,10988367,1572.1,6989.4
E12000007,Greater London,2046,11036383,1572.1,7019.9
E12000007,Greater London,2047,11082365,1572.1,7049.2
E12000007,Greater London,2048,11126313,1572.1,7077.1
E12000007,Greater London,2049,11168255,1572.1,7103.8
E12000007,Greater London,2050,11208247,1572.1,7129.3
E13000001,Inner London,1999,2750716,319.3,8615
E13000001,Inner London,2000,2804949,319.3,8784.9
E13000001,Inner London,2001,2859375,319.3,8955.3
E13000001,Inner London,2002,2890923,319.3,9054.2
E13000001,Inner London,2003,2898563,319.3,9078.1
E13000001,Inner London,2004,2915912,319.3,9132.4
E13000001,Inner London,2005,2957048,319.3,9261.3
E13000001,Inner London,2006,2989670,319.3,9363.4
E13000001,Inner London,2007,3030764,319.3,9492.1
E13000001,Inner London,2008,3078914,319.3,9642.9
E13000001,Inner London,2009,3134393,319.3,9816.7
E13000001,Inner London,2010,3179428,319.3,9957.7
E13000001,Inner London,2011,3247768,319.3,10171.8
E13000001,Inner London,2012,3291231,319.3,10307.9
E13000001,Inner London,2013,3341307,319.3,10464.7
E13000001,Inner London,2014,3401119,319.3,10652
E13000001,Inner London,2015,3477121,319.3,10890.1
E13000001,Inner London,2016,3534009,319.3,11068.3
E13000001,Inner London,2017,3575589,319.3,11198.5
E13000001,Inner London,2018,3624536,319.3,11351.8
E13000001,Inner London,2019,3673880,319.3,11506.3
E13000001,Inner London,2020,3710562,319.3,11621.2
E13000001,Inner London,2021,3746932,319.3,11735.1
E13000001,Inner London,2022,3781965,319.3,11844.8
E13000001,Inner London,2023,3816382,319.3,11952.6
E13000001,Inner London,2024,3848906,319.3,12054.5
E13000001,Inner London,2025,3885100,319.3,12167.8
E13000001,Inner London,2026,3920962,319.3,12280.2
E13000001,Inner London,2027,3955071,319.3,12387
E13000001,Inner London,2028,3986417,319.3,12485.2
E13000001,Inner London,2029,4015872,319.3,12577.4
E13000001,Inner London,2030,4049393,319.3,12682.4
E13000001,Inner London,2031,4082434,319.3,12785.9
E13000001,Inner London,2032,4114059,319.3,12884.9
E13000001,Inner London,2033,4144976,319.3,12981.8
E13000001,Inner London,2034,4175372,319.3,13077
E13000001,Inner London,2035,4204730,319.3,13168.9
E13000001,Inner London,2036,4232419,319.3,13255.6
E13000001,Inner London,2037,4258620,319.3,13337.7
E13000001,Inner London,2038,4284516,319.3,13418.8
E13000001,Inner London,2039,4309687,319.3,13497.6
E13000001,Inner London,2040,4333810,319.3,13573.2
E13000001,Inner London,2041,4357534,319.3,13647.5
E13000001,Inner London,2042,4380025,319.3,13717.9
E13000001,Inner London,2043,4401710,319.3,13785.8
E13000001,Inner London,2044,4422228,319.3,13850.1
E13000001,Inner London,2045,4442649,319.3,13914
E13000001,Inner London,2046,4463189,319.3,13978.4
E13000001,Inner London,2047,4483576,319.3,14042.2
E13000001,Inner London,2048,4503392,319.3,14104.3
E13000001,Inner London,2049,4520728,319.3,14158.6
E13000001,Inner London,2050,4536953,319.3,14209.4
E13000002,Outer London,1999,4403196,1254.2,3510.7
E13000002,Outer London,2000,4431763,1254.2,3533.4
E13000002,Outer London,2001,4463028,1254.2,3558.4
E13000002,Outer London,2002,4485748,1254.2,3576.5
E13000002,Outer London,2003,4496254,1254.2,3584.9
E13000002,Outer London,2004,4516818,1254.2,3601.3
E13000002,Outer London,2005,4561961,1254.2,3637.2
E13000002,Outer London,2006,4608155,1254.2,3674.1
E13000002,Outer London,2007,4662709,1254.2,3717.6
E13000002,Outer London,2008,4733247,1254.2,3773.8
E13000002,Outer London,2009,4808201,1254.2,3833.6
E13000002,Outer London,2010,4882067,1254.2,3892.5
E13000002,Outer London,2011,4969707,1254.2,3962.3
E13000002,Outer London,2012,5029804,1254.2,4010.3
E13000002,Outer London,2013,5087502,1254.2,4056.3
E13000002,Outer London,2014,5149436,1254.2,4105.6
E13000002,Outer London,2015,5208057,1254.2,4152.4
E13000002,Outer London,2016,5264948,1254.2,4197.7
E13000002,Outer London,2017,5328414,1254.2,4248.3
E13000002,Outer London,2018,5381816,1254.2,4290.9
E13000002,Outer London,2019,5432277,1254.2,4331.1
E13000002,Outer London,2020,5492769,1254.2,4379.4
E13000002,Outer London,2021,5551092,1254.2,4425.9
E13000002,Outer London,2022,5608104,1254.2,4471.3
E13000002,Outer London,2023,5663228,1254.2,4515.3
E13000002,Outer London,2024,5717576,1254.2,4558.6
E13000002,Outer London,2025,5765576,1254.2,4596.9
E13000002,Outer London,2026,5811462,1254.2,4633.5
E13000002,Outer London,2027,5856881,1254.2,4669.7
E13000002,Outer London,2028,5903269,1254.2,4706.7
E13000002,Outer London,2029,5949924,1254.2,4743.9
E13000002,Outer London,2030,5991032,1254.2,4776.6
E13000002,Outer London,2031,6031304,1254.2,4808.7
E13000002,Outer London,2032,6071980,1254.2,4841.2
E13000002,Outer London,2033,6112484,1254.2,4873.5
E13000002,Outer London,2034,6152435,1254.2,4905.3
E13000002,Outer London,2035,6192230,1254.2,4937.1
E13000002,Outer London,2036,6232369,1254.2,4969.1
E13000002,Outer London,2037,6272489,1254.2,5001
E13000002,Outer London,2038,6311596,1254.2,5032.2
E13000002,Outer London,2039,6349573,1254.2,5062.5
E13000002,Outer London,2040,6384923,1254.2,5090.7
E13000002,Outer London,2041,6418878,1254.2,5117.8
E13000002,Outer London,2042,6452241,1254.2,5144.4
E13000002,Outer London,2043,6484561,1254.2,5170.1
E13000002,Outer London,2044,6516091,1254.2,5195.3
E13000002,Outer London,2045,6545718,1254.2,5218.9
E13000002,Outer London,2046,6573194,1254.2,5240.8
E13000002,Outer London,2047,6598789,1254.2,5261.2
E13000002,Outer London,2048,6622921,1254.2,5280.4
E13000002,Outer London,2049,6647527,1254.2,5300.1
E13000002,Outer London,2050,6671295,1254.2,5319
